Video,Frame,SIM,CC,NSS,Recall,Area_Pct
102861675-976_2020.mp4,0,0.1474,0.2482,1.164,0.5269,0.1349
102861675-976_2020.mp4,147,0.2911,0.5623,3.2081,0.8849,0.1305
102861675-976_2020.mp4,295,0.2567,0.5315,3.1849,0.9796,0.1278
102861675-976_2020.mp4,442,0.3958,0.5861,2.1872,0.7877,0.1365
102861675-976_2020.mp4,590,0.3849,0.6985,2.9712,0.9452,0.1036
103072277-3988_5664.mp4,0,0.3621,0.4364,1.4369,0.4599,0.0979
103072277-3988_5664.mp4,147,0.4741,0.6269,1.826,0.4492,0.1
103072277-3988_5664.mp4,295,0.4448,0.5917,1.7596,0.6037,0.1121
103072277-3988_5664.mp4,442,0.3741,0.484,1.4506,0.4043,0.1118
103072277-3988_5664.mp4,590,0.3656,0.5564,2.0124,0.7179,0.1066
105085837-0_1344.mp4,0,0.4552,0.7952,4.1485,0.9333,0.0619
105085837-0_1344.mp4,147,0.4808,0.6801,2.7298,0.7863,0.1025
105085837-0_1344.mp4,295,0.2147,0.335,1.1299,0.3913,0.1323
105085837-0_1344.mp4,442,0.3195,0.4921,1.884,0.5561,0.0936
105085837-0_1344.mp4,590,0.2199,0.3109,1.0862,0.2714,0.1007
109321182-1056_1984.mp4,0,0.2715,0.555,2.9942,0.7774,0.0529
109321182-1056_1984.mp4,147,0.34,0.6282,2.953,0.8727,0.0828
109321182-1056_1984.mp4,295,0.3288,0.4816,1.6027,0.4769,0.098
109321182-1056_1984.mp4,442,0.3234,0.6736,3.7025,0.9333,0.0763
109321182-1056_1984.mp4,590,0.0908,0.2233,1.7582,0.8685,0.0969
116389205-0_981.mp4,0,0.296,0.4699,1.6578,0.6128,0.1257
116389205-0_981.mp4,147,0.3278,0.5036,1.9288,0.6996,0.1263
116389205-0_981.mp4,295,0.1823,0.4167,2.0858,0.7756,0.1155
116389205-0_981.mp4,442,0.3288,0.5594,2.0923,0.5663,0.0729
116389205-0_981.mp4,590,0.2477,0.2742,1.0239,0.3095,0.1
116389205-982_1987.mp4,0,0.2772,0.4947,2.2955,0.6532,0.08
116389205-982_1987.mp4,147,0.1964,0.4744,2.0922,0.5882,0.0728
116389205-982_1987.mp4,295,0.3334,0.7271,4.387,0.9947,0.0751
116389205-982_1987.mp4,442,0.0792,0.1112,0.5967,0.0989,0.0939
116389205-982_1987.mp4,590,0.2329,0.2215,0.7651,0.2324,0.0928
118922400-0_1450.mp4,0,0.4934,0.7402,3.5049,0.8622,0.0805
118922400-0_1450.mp4,147,0.3907,0.5843,2.2667,0.6754,0.0997
118922400-0_1450.mp4,295,0.4053,0.6744,2.8144,0.9141,0.1189
118922400-0_1450.mp4,442,0.3528,0.5557,2.0611,0.5127,0.0681
118922400-0_1450.mp4,590,0.316,0.3464,1.0936,0.3085,0.1001
124417968-991_1773.mp4,0,0.4277,0.6495,2.937,0.7026,0.0707
124417968-991_1773.mp4,147,0.3415,0.7495,5.7478,1.0,0.0635
124417968-991_1773.mp4,295,0.3075,0.4352,1.7249,0.6618,0.1099
124417968-991_1773.mp4,442,0.352,0.6554,3.5827,0.877,0.0764
124417968-991_1773.mp4,590,0.3833,0.5066,1.7441,0.6373,0.1325
129480397-6049_7568.mp4,0,0.2562,0.2902,0.919,0.3333,0.1232
129480397-6049_7568.mp4,147,0.3154,0.4389,1.8736,0.5963,0.1078
129480397-6049_7568.mp4,295,0.4177,0.6078,2.062,0.7585,0.1267
129480397-6049_7568.mp4,442,0.2708,0.611,3.7069,0.9538,0.103
129480397-6049_7568.mp4,590,0.3235,0.6797,4.5409,0.9301,0.103
129797897-240_902.mp4,0,0.2579,0.489,2.0463,0.6333,0.0833
129797897-240_902.mp4,147,0.2865,0.3288,1.1613,0.1588,0.0671
129797897-240_902.mp4,295,0.3744,0.4109,1.2939,0.4352,0.1019
129797897-240_902.mp4,442,0.2833,0.5137,2.7417,0.8692,0.1
129797897-240_902.mp4,590,0.3989,0.6899,3.391,0.9347,0.091
129797897-903_2137.mp4,0,0.2398,0.5095,2.7006,0.9596,0.1107
129797897-903_2137.mp4,147,0.2364,0.4637,2.5471,0.855,0.1178
129797897-903_2137.mp4,295,0.1489,0.2191,0.7193,0.0909,0.0885
129797897-903_2137.mp4,442,0.1946,0.2452,0.6538,0.0763,0.1016
129797897-903_2137.mp4,590,0.334,0.5884,2.3308,0.716,0.1093
130833077-216_1382.mp4,0,0.4305,0.5511,1.9469,0.6069,0.0861
130833077-216_1382.mp4,147,0.2473,0.2927,1.5167,0.5577,0.1157
130833077-216_1382.mp4,295,0.3325,0.5171,1.8533,0.4558,0.0688
130833077-216_1382.mp4,442,0.4095,0.677,2.7125,0.8017,0.099
130833077-216_1382.mp4,590,0.454,0.7092,3.0313,0.9121,0.1011
131252475-0_850.mp4,0,0.2748,0.4944,2.0758,0.8132,0.1485
131252475-0_850.mp4,147,0.3431,0.4303,1.7792,0.5,0.0978
131252475-0_850.mp4,295,0.2181,0.5009,4.093,0.8478,0.0713
131252475-0_850.mp4,442,0.3461,0.594,2.467,0.8041,0.1344
131252475-0_850.mp4,590,0.3557,0.6034,3.023,0.7079,0.0994
131252475-851_4051.mp4,0,0.1966,0.63,5.958,0.9519,0.0619
131252475-851_4051.mp4,147,0.3546,0.551,3.6242,0.6336,0.0688
131252475-851_4051.mp4,295,0.2341,0.3454,2.2834,0.6,0.0656
131252475-851_4051.mp4,442,0.2506,0.5076,4.0282,0.7617,0.0511
131252475-851_4051.mp4,590,0.2553,0.5053,3.4426,0.7973,0.0681
132737131-220_997.mp4,0,0.1811,0.4305,2.572,0.9243,0.121
132737131-220_997.mp4,147,0.4145,0.652,3.2053,0.8962,0.0764
132737131-220_997.mp4,295,0.2667,0.3423,1.0028,0.3571,0.1154
132737131-220_997.mp4,442,0.4491,0.7751,4.2441,0.9067,0.0708
132737131-220_997.mp4,590,0.3382,0.5741,2.9331,0.7794,0.1101
132737131-998_1998.mp4,0,0.3457,0.5992,2.4662,0.9369,0.1127
132737131-998_1998.mp4,147,0.3898,0.6618,3.0161,0.9336,0.1146
132737131-998_1998.mp4,295,0.4303,0.6434,2.4124,0.8571,0.1361
132737131-998_1998.mp4,442,0.4844,0.7652,3.5002,0.8916,0.0839
132737131-998_1998.mp4,590,0.2561,0.3253,1.3548,0.4372,0.088
133198295-0_594.mp4,0,0.4903,0.8588,5.4751,0.9931,0.0583
133198295-0_594.mp4,138,0.2889,0.4245,1.5744,0.3824,0.0776
133198295-0_594.mp4,277,0.2992,0.4851,1.765,0.4189,0.0698
133198295-0_594.mp4,416,0.4897,0.7034,2.8979,0.8761,0.093
133198295-0_594.mp4,555,0.3307,0.4403,1.5108,0.5127,0.0849
134759577-0_1016.mp4,0,0.2427,0.3464,1.2394,0.3119,0.101
134759577-0_1016.mp4,147,0.4027,0.6969,2.6064,0.8966,0.0988
134759577-0_1016.mp4,295,0.3674,0.5762,2.2949,0.8102,0.1247
134759577-0_1016.mp4,442,0.4546,0.7219,3.4063,0.907,0.0977
134759577-0_1016.mp4,590,0.3511,0.6977,3.9311,0.9333,0.0855
134759577-2014_3024.mp4,0,0.3963,0.6466,3.1181,0.9045,0.123
134759577-2014_3024.mp4,147,0.2582,0.5269,2.3353,0.8154,0.1011
134759577-2014_3024.mp4,295,0.2112,0.3585,1.7702,0.5033,0.1014
134759577-2014_3024.mp4,442,0.2559,0.3915,1.3956,0.4276,0.099
134759577-2014_3024.mp4,590,0.301,0.5361,2.4877,0.7949,0.0964
134804107-0_1104.mp4,0,0.3352,0.7075,4.9977,1.0,0.0654
134804107-0_1104.mp4,147,0.3118,0.3275,0.9566,0.2442,0.098
134804107-0_1104.mp4,295,0.3961,0.4983,1.7269,0.4473,0.0828
134804107-0_1104.mp4,442,0.3803,0.6638,2.8696,0.9067,0.0926
134804107-0_1104.mp4,590,0.3757,0.586,2.8347,0.7488,0.0855
135497286-0_1113.mp4,0,0.3424,0.6859,2.9829,0.9551,0.09
135497286-0_1113.mp4,147,0.4321,0.7342,3.3972,0.9053,0.079
135497286-0_1113.mp4,295,0.2437,0.4518,2.097,0.7879,0.1329
135497286-0_1113.mp4,442,0.1931,0.373,1.9922,0.8408,0.112
135497286-0_1113.mp4,590,0.2993,0.4232,1.3664,0.5652,0.1375
135969487-0_1622.mp4,0,0.3666,0.6059,2.5327,0.8235,0.1138
135969487-0_1622.mp4,147,0.3576,0.415,1.0831,0.3022,0.0877
135969487-0_1622.mp4,295,0.2702,0.3226,1.1283,0.3385,0.0853
135969487-0_1622.mp4,442,0.3637,0.626,3.5093,0.7389,0.0746
135969487-0_1622.mp4,590,0.3104,0.5266,2.8232,0.7742,0.1082
136323693-0_979.mp4,0,0.3372,0.4878,1.8091,0.5654,0.0965
136323693-0_979.mp4,147,0.3575,0.6546,2.9668,0.94,0.1073
136323693-0_979.mp4,295,0.3105,0.6039,3.1215,0.9583,0.1111
136323693-0_979.mp4,442,0.3531,0.5578,2.2744,0.7609,0.1128
136323693-0_979.mp4,590,0.2268,0.4045,2.1727,0.7883,0.0979
136323693-980_1992.mp4,0,0.3912,0.6566,3.0659,0.9213,0.1172
136323693-980_1992.mp4,147,0.3566,0.5063,1.8781,0.7439,0.1534
136323693-980_1992.mp4,295,0.3717,0.5864,1.9354,0.6863,0.1213
136323693-980_1992.mp4,442,0.3435,0.6046,2.1664,0.8406,0.1291
136323693-980_1992.mp4,590,0.3296,0.4547,1.6729,0.6912,0.1046
136639555-990_2043.mp4,0,0.2151,0.2364,0.678,0.1457,0.0801
136639555-990_2043.mp4,147,0.3905,0.5599,1.9402,0.6921,0.1293
136639555-990_2043.mp4,295,0.2632,0.4257,1.6571,0.5,0.0944
136639555-990_2043.mp4,442,0.4654,0.7867,4.5964,0.9867,0.0843
136639555-990_2043.mp4,590,0.4509,0.7283,3.066,0.8628,0.0956
138268509-100_1009.mp4,0,0.4493,0.7021,3.0866,0.9511,0.1241
138268509-100_1009.mp4,147,0.349,0.426,1.3198,0.6138,0.115
138268509-100_1009.mp4,295,0.3546,0.6614,3.9272,0.8784,0.0884
138268509-100_1009.mp4,442,0.3278,0.4575,1.5785,0.4258,0.0889
138268509-100_1009.mp4,590,0.4524,0.6326,2.558,0.8,0.092
138606265-0_1033.mp4,0,0.4147,0.6251,2.1771,0.8942,0.1605
138606265-0_1033.mp4,147,0.3289,0.4359,1.2629,0.2838,0.1092
138606265-0_1033.mp4,295,0.4285,0.6901,2.8711,0.9023,0.0922
138606265-0_1033.mp4,442,0.2068,0.2774,1.2529,0.4167,0.1109
138606265-0_1033.mp4,590,0.3835,0.63,2.4787,0.7149,0.0934
139425830-0_517.mp4,0,0.3446,0.4633,1.3834,0.5037,0.1344
139425830-0_517.mp4,145,0.3576,0.6091,2.279,0.7626,0.1072
139425830-0_517.mp4,290,0.4146,0.7071,3.1924,0.8873,0.1139
139425830-0_517.mp4,435,0.2615,0.3276,1.0082,0.3915,0.1167
139425830-0_517.mp4,580,0.354,0.5895,2.4659,0.8551,0.1551
140646540-0_1500.mp4,0,0.2575,0.5964,4.6562,0.9742,0.0821
140646540-0_1500.mp4,147,0.3793,0.5154,1.7015,0.5382,0.1042
140646540-0_1500.mp4,295,0.2859,0.3862,1.3546,0.3627,0.0845
140646540-0_1500.mp4,442,0.341,0.5794,2.0855,0.801,0.1356
140646540-0_1500.mp4,590,0.3651,0.6004,2.4477,0.8125,0.126
142480306-250_1031.mp4,0,0.2557,0.521,2.8488,0.866,0.0881
142480306-250_1031.mp4,147,0.2995,0.3701,1.1694,0.419,0.128
142480306-250_1031.mp4,295,0.429,0.6764,2.7711,0.8566,0.1066
142480306-250_1031.mp4,442,0.3488,0.5143,1.7745,0.6163,0.1088
142480306-250_1031.mp4,590,0.5584,0.7586,2.8843,0.865,0.1042
142480565-0_1000.mp4,0,0.2689,0.3728,1.3568,0.4603,0.1317
142480565-0_1000.mp4,147,0.3574,0.4487,1.7663,0.5975,0.1162
142480565-0_1000.mp4,295,0.2325,0.4355,1.9481,0.6612,0.1159
142480565-0_1000.mp4,442,0.2389,0.4856,2.1911,0.9032,0.1555
142480565-0_1000.mp4,590,0.2539,0.4688,2.0893,0.7204,0.1321
142480565-3982_5246.mp4,0,0.3434,0.3842,1.2138,0.3406,0.0946
142480565-3982_5246.mp4,147,0.2962,0.2776,0.8259,0.284,0.0991
142480565-3982_5246.mp4,295,0.3299,0.4372,1.3906,0.3376,0.0764
142480565-3982_5246.mp4,442,0.3246,0.4659,1.593,0.6504,0.1296
142480565-3982_5246.mp4,590,0.3557,0.4376,1.4275,0.3924,0.0963
143219023-2891_3984.mp4,0,0.2122,0.526,3.7842,0.9136,0.0911
143219023-2891_3984.mp4,147,0.2709,0.487,1.698,0.5,0.104
143219023-2891_3984.mp4,295,0.3084,0.612,4.1279,0.8947,0.098
143219023-2891_3984.mp4,442,0.2963,0.4898,2.2236,0.7143,0.1081
143219023-2891_3984.mp4,590,0.4088,0.7441,3.5397,0.9259,0.0813
143774318-3004_4581.mp4,0,0.3517,0.7512,5.6232,0.9559,0.062
143774318-3004_4581.mp4,147,0.379,0.589,4.4197,0.7276,0.0562
143774318-3004_4581.mp4,295,0.3794,0.609,4.6356,0.735,0.0546
143774318-3004_4581.mp4,442,0.3904,0.6865,4.8577,0.8564,0.0573
143774318-3004_4581.mp4,590,0.337,0.7172,4.5798,0.971,0.0854
145796283-3954_5736.mp4,0,0.3397,0.4837,1.5544,0.5301,0.1239
145796283-3954_5736.mp4,147,0.273,0.3175,1.1695,0.4164,0.1149
145796283-3954_5736.mp4,295,0.2911,0.3821,1.1805,0.4785,0.1388
145796283-3954_5736.mp4,442,0.3032,0.5555,3.9374,0.8684,0.1074
145796283-3954_5736.mp4,590,0.2829,0.5628,2.8808,0.9196,0.1009
146735968-140_1583.mp4,0,0.4784,0.7637,4.2054,0.9542,0.0798
146735968-140_1583.mp4,147,0.24,0.4514,2.2512,0.8043,0.0971
146735968-140_1583.mp4,295,0.2726,0.6072,4.2411,0.971,0.1395
146735968-140_1583.mp4,442,0.2715,0.3368,1.1908,0.3769,0.1086
146735968-140_1583.mp4,590,0.3188,0.5031,1.7505,0.6762,0.1401
147556715-987_2014.mp4,0,0.398,0.572,2.3031,0.7305,0.097
147556715-987_2014.mp4,147,0.2869,0.5025,1.9803,0.4606,0.0587
147556715-987_2014.mp4,295,0.276,0.3258,1.0446,0.1667,0.0694
147556715-987_2014.mp4,442,0.368,0.5369,1.8861,0.5174,0.089
147556715-987_2014.mp4,590,0.3478,0.4934,1.6726,0.549,0.0969
147866707-0_750.mp4,0,0.1749,0.4801,3.9231,0.9962,0.093
147866707-0_750.mp4,147,0.1864,0.3046,1.1891,0.2607,0.1052
147866707-0_750.mp4,295,0.313,0.4298,1.4776,0.3483,0.0889
147866707-0_750.mp4,442,0.4351,0.7412,3.919,0.9538,0.0883
147866707-0_750.mp4,590,0.4378,0.7482,3.6033,0.9692,0.1033
152043737-0_357.mp4,0,0.309,0.6476,2.7199,0.8605,0.0871
152043737-0_357.mp4,101,0.1696,0.275,1.1582,0.3172,0.1065
152043737-0_357.mp4,203,0.2247,0.4105,1.4039,0.4263,0.1032
152043737-0_357.mp4,305,0.1343,0.2739,1.4916,0.6667,0.117
152043737-0_357.mp4,407,0.177,0.3501,1.4263,0.4688,0.1136
152044612-0_489.mp4,0,0.4102,0.4955,1.4999,0.5058,0.1093
152044612-0_489.mp4,143,0.3862,0.7278,3.9993,0.9282,0.0802
152044612-0_489.mp4,286,0.2725,0.5613,3.312,0.9482,0.0868
152044612-0_489.mp4,429,0.2175,0.4211,2.3584,0.9328,0.1323
152044612-0_489.mp4,572,0.263,0.5236,2.0938,0.8,0.1067
153035804-264_952.mp4,0,0.3024,0.6911,3.984,1.0,0.0765
153035804-264_952.mp4,147,0.2861,0.503,2.0405,0.75,0.1202
153035804-264_952.mp4,295,0.4267,0.7056,3.319,0.8612,0.0831
153035804-264_952.mp4,442,0.2375,0.456,1.782,0.6545,0.148
153035804-264_952.mp4,590,0.3974,0.6887,2.7445,0.8659,0.1088
153035804-953_2005.mp4,0,0.3832,0.7364,4.756,0.9099,0.0615
153035804-953_2005.mp4,147,0.2619,0.6105,3.6798,0.9413,0.0722
153035804-953_2005.mp4,295,0.1659,0.1315,0.4403,0.131,0.0897
153035804-953_2005.mp4,442,0.3224,0.3968,1.2113,0.3992,0.1003
153035804-953_2005.mp4,590,0.4048,0.7916,4.2642,0.9712,0.0793
154530746-5021_6698.mp4,0,0.3609,0.6403,3.1469,0.9305,0.1123
154530746-5021_6698.mp4,147,0.3156,0.7154,3.9154,0.9767,0.1225
154530746-5021_6698.mp4,295,0.2282,0.5212,3.4316,0.9141,0.0952
154530746-5021_6698.mp4,442,0.315,0.5019,1.9895,0.6131,0.1012
154530746-5021_6698.mp4,590,0.2414,0.3719,1.4153,0.6074,0.1597
155272894-120_2206.mp4,0,0.3269,0.6737,3.5442,1.0,0.1037
155272894-120_2206.mp4,147,0.3779,0.5475,2.0262,0.6717,0.0986
155272894-120_2206.mp4,295,0.3139,0.5873,2.7242,0.8358,0.1351
155272894-120_2206.mp4,442,0.368,0.6107,2.4113,0.7971,0.1304
155272894-120_2206.mp4,590,0.374,0.6129,2.3858,0.8232,0.1398
155344465-0_1200.mp4,0,0.365,0.5494,1.8712,0.541,0.0967
155344465-0_1200.mp4,147,0.1858,0.2959,0.6744,0.2325,0.0883
155344465-0_1200.mp4,295,0.193,0.3657,1.4217,0.4069,0.1042
155344465-0_1200.mp4,442,0.1298,0.2475,1.5629,0.3582,0.0968
155344465-0_1200.mp4,590,0.3072,0.6027,3.8574,0.8382,0.085
156183618-0_938.mp4,0,0.3395,0.6649,2.9366,0.9403,0.0851
156183618-0_938.mp4,147,0.2538,0.267,0.9685,0.4555,0.1518
156183618-0_938.mp4,295,0.3671,0.5466,2.1787,0.7714,0.1209
156183618-0_938.mp4,442,0.3685,0.4885,1.8741,0.5524,0.1353
156183618-0_938.mp4,590,0.3933,0.6176,2.6677,0.8333,0.106
156787738-0_1510.mp4,0,0.3493,0.6519,3.1354,0.8507,0.0754
156787738-0_1510.mp4,147,0.4367,0.6637,2.2717,0.8199,0.1249
156787738-0_1510.mp4,295,0.3299,0.4641,1.5019,0.6716,0.1556
156787738-0_1510.mp4,442,0.3594,0.5682,1.9641,0.8213,0.1476
156787738-0_1510.mp4,590,0.3551,0.5294,1.7157,0.5735,0.111
158004101-0_1056.mp4,0,0.3438,0.5727,2.326,0.6857,0.0765
158004101-0_1056.mp4,147,0.3096,0.3436,1.0763,0.3256,0.0971
158004101-0_1056.mp4,295,0.2101,0.4284,2.3427,0.6772,0.0741
158004101-0_1056.mp4,442,0.3021,0.5148,4.1643,0.8579,0.0648
158004101-0_1056.mp4,590,0.3586,0.5249,1.9616,0.6508,0.1124
158004101-1057_2078.mp4,0,0.3972,0.538,1.9061,0.6094,0.0885
158004101-1057_2078.mp4,147,0.4876,0.6504,1.879,0.754,0.1225
158004101-1057_2078.mp4,295,0.235,0.4393,2.5842,0.8757,0.0967
158004101-1057_2078.mp4,442,0.2779,0.3528,1.2878,0.4355,0.1076
158004101-1057_2078.mp4,590,0.2454,0.2856,1.0162,0.3788,0.1391
158104644-938_1969.mp4,0,0.2486,0.3275,1.2992,0.4191,0.0907
158104644-938_1969.mp4,147,0.3469,0.5799,2.8647,0.8007,0.0984
158104644-938_1969.mp4,295,0.2491,0.5199,3.2032,0.9167,0.0808
158104644-938_1969.mp4,442,0.3605,0.6052,3.0243,0.782,0.0696
158104644-938_1969.mp4,590,0.3203,0.7555,4.6911,1.0,0.067
159089733-3109_4371.mp4,0,0.3729,0.5975,2.2786,0.658,0.1133
159089733-3109_4371.mp4,147,0.2209,0.4636,2.549,0.7708,0.0976
159089733-3109_4371.mp4,295,0.2588,0.6124,3.9229,0.9571,0.1224
159089733-3109_4371.mp4,442,0.2195,0.3175,1.4367,0.4857,0.0922
159089733-3109_4371.mp4,590,0.4015,0.7283,3.9717,0.9859,0.0907
159837780-963_2073.mp4,0,0.3416,0.5748,2.1909,0.7429,0.118
159837780-963_2073.mp4,147,0.3544,0.465,1.8737,0.5104,0.0812
159837780-963_2073.mp4,295,0.4017,0.7654,4.6582,0.9861,0.0801
159837780-963_2073.mp4,442,0.3225,0.5628,3.0532,0.9476,0.117
159837780-963_2073.mp4,590,0.3187,0.4444,2.2033,0.6575,0.104
160165069-0_480.mp4,0,0.3475,0.5033,2.1411,0.7404,0.1298
160165069-0_480.mp4,140,0.3396,0.4143,1.3155,0.5,0.1235
160165069-0_480.mp4,280,0.2661,0.2422,0.6569,0.3198,0.1442
160165069-0_480.mp4,420,0.2587,0.2705,0.758,0.3715,0.1593
160165069-0_480.mp4,561,0.1883,0.1653,0.3725,0.1857,0.1374
161259087-0_4489.mp4,0,0.2766,0.3684,1.3951,0.4312,0.1208
161259087-0_4489.mp4,147,0.3127,0.4223,1.3026,0.5709,0.152
161259087-0_4489.mp4,295,0.3375,0.4364,1.5338,0.6683,0.1709
161259087-0_4489.mp4,442,0.3775,0.4796,1.5462,0.568,0.1272
161259087-0_4489.mp4,590,0.2858,0.3051,1.0635,0.3786,0.1276
161302186-1936_3125.mp4,0,0.3733,0.6465,2.8616,0.952,0.1362
161302186-1936_3125.mp4,147,0.3486,0.5985,2.6321,0.8417,0.1271
161302186-1936_3125.mp4,295,0.2497,0.2852,1.3307,0.4428,0.1138
161302186-1936_3125.mp4,442,0.234,0.2759,1.0815,0.3441,0.0998
161302186-1936_3125.mp4,590,0.2188,0.4698,2.6462,0.9111,0.1442
161939272-0_528.mp4,0,0.3101,0.4756,1.9769,0.6125,0.1121
161939272-0_528.mp4,147,0.3447,0.5242,1.9172,0.6446,0.1122
161939272-0_528.mp4,295,0.3476,0.4496,1.5087,0.4,0.0874
161939272-0_528.mp4,442,0.3273,0.4189,1.4589,0.4589,0.0937
161939272-0_528.mp4,590,0.286,0.3594,1.2739,0.5143,0.1327
162475513-0_1680.mp4,0,0.3866,0.4949,1.5052,0.4965,0.122
162475513-0_1680.mp4,147,0.3079,0.2732,0.7509,0.3562,0.1291
162475513-0_1680.mp4,295,0.3342,0.467,1.6548,0.5294,0.1069
162475513-0_1680.mp4,442,0.2858,0.2751,1.0113,0.3607,0.1045
162475513-0_1680.mp4,590,0.3359,0.4293,1.5558,0.4925,0.0888
166154377-1523_3167.mp4,0,0.4172,0.7749,3.2714,0.9722,0.0779
166154377-1523_3167.mp4,147,0.4,0.6291,1.9935,0.6307,0.0842
166154377-1523_3167.mp4,295,0.2274,0.1418,0.4819,0.1449,0.0703
166154377-1523_3167.mp4,442,0.3502,0.4945,1.7718,0.5311,0.0925
166154377-1523_3167.mp4,590,0.397,0.4517,1.4864,0.5631,0.1132
166392933-3960_5039.mp4,0,0.2446,0.2135,0.5686,0.2192,0.1043
166392933-3960_5039.mp4,147,0.2465,0.1813,0.5813,0.2432,0.1111
166392933-3960_5039.mp4,295,0.1644,0.0577,0.2248,0.0751,0.1057
166392933-3960_5039.mp4,442,0.1944,0.1491,0.4835,0.2523,0.1165
166392933-3960_5039.mp4,590,0.2781,0.3423,1.1489,0.6019,0.1183
166392933-5040_6225.mp4,0,0.2378,0.1776,0.399,0.1677,0.1099
166392933-5040_6225.mp4,147,0.2096,0.0821,0.0853,0.0693,0.1331
166392933-5040_6225.mp4,295,0.2422,0.1358,0.2925,0.107,0.1018
166392933-5040_6225.mp4,442,0.2892,0.2259,0.5771,0.2289,0.1298
166392933-5040_6225.mp4,590,0.1592,0.0396,0.0514,0.0583,0.0839
166883190-3580_6095.mp4,0,0.2573,0.4656,2.545,0.6642,0.0601
166883190-3580_6095.mp4,147,0.2231,0.3093,1.1233,0.1679,0.0665
166883190-3580_6095.mp4,295,0.1812,0.2088,1.0498,0.098,0.0661
166883190-3580_6095.mp4,442,0.2072,0.238,1.0324,0.2069,0.066
166883190-3580_6095.mp4,590,0.1935,0.2819,1.2034,0.159,0.0633
167109050-0_720.mp4,0,0.2949,0.3705,1.3207,0.4633,0.1049
167109050-0_720.mp4,147,0.5015,0.698,2.2739,0.7473,0.1231
167109050-0_720.mp4,295,0.3941,0.5868,2.1773,0.7399,0.1126
167109050-0_720.mp4,442,0.4223,0.6041,3.1161,0.7343,0.0627
167109050-0_720.mp4,590,0.2149,0.1344,0.4307,0.1963,0.0698
167669029-0_613.mp4,0,0.3723,0.4969,1.6081,0.493,0.0897
167669029-0_613.mp4,143,0.2556,0.5394,3.0744,0.9394,0.1209
167669029-0_613.mp4,287,0.2707,0.5436,2.355,0.8088,0.1055
167669029-0_613.mp4,431,0.3016,0.5911,2.3794,0.8592,0.1222
167669029-0_613.mp4,575,0.1189,0.3024,1.8944,0.9701,0.1248
169431573-1045_2647.mp4,0,0.2946,0.4829,1.7753,0.75,0.1277
169431573-1045_2647.mp4,147,0.2378,0.1698,0.5172,0.2424,0.1261
169431573-1045_2647.mp4,295,0.277,0.2655,0.9254,0.359,0.1068
169431573-1045_2647.mp4,442,0.3944,0.5695,1.9421,0.6667,0.1171
169431573-1045_2647.mp4,590,0.1962,0.2168,0.7553,0.3115,0.1189
169610673-5189_6420.mp4,0,0.392,0.5524,2.6282,0.685,0.0997
169610673-5189_6420.mp4,147,0.3802,0.5077,2.1482,0.65,0.0826
169610673-5189_6420.mp4,295,0.3642,0.5025,1.798,0.7662,0.1191
169610673-5189_6420.mp4,442,0.3654,0.6559,3.377,0.8873,0.0948
169610673-5189_6420.mp4,590,0.4925,0.6814,2.6072,0.8431,0.1159
169629056-0_991.mp4,0,0.2947,0.66,3.8952,0.9822,0.1077
169629056-0_991.mp4,147,0.2211,0.3148,1.2301,0.5062,0.1326
169629056-0_991.mp4,295,0.3447,0.5721,2.4518,0.943,0.1251
169629056-0_991.mp4,442,0.4199,0.725,3.6795,0.9617,0.091
169629056-0_991.mp4,590,0.3558,0.562,2.2691,0.746,0.0912
169763925-0_420.mp4,0,0.3612,0.48,1.4699,0.5331,0.1182
169763925-0_420.mp4,121,0.2338,0.2579,0.8278,0.2256,0.1056
169763925-0_420.mp4,243,0.2529,0.2098,0.4965,0.2052,0.1099
169763925-0_420.mp4,364,0.2581,0.2764,0.8688,0.1571,0.0513
169763925-0_420.mp4,486,0.214,0.2327,0.8376,0.1567,0.0574
170666742-0_840.mp4,0,0.3809,0.6206,2.999,0.83,0.1164
170666742-0_840.mp4,147,0.3354,0.5864,3.1139,0.6757,0.0815
170666742-0_840.mp4,295,0.369,0.5738,2.1347,0.6667,0.1015
170666742-0_840.mp4,442,0.2238,0.2452,0.8114,0.3193,0.1191
170666742-0_840.mp4,590,0.2262,0.4301,2.4827,0.7117,0.077
170667841-0_540.mp4,0,0.3674,0.6076,2.9543,0.831,0.0999
170667841-0_540.mp4,147,0.3724,0.5358,2.1987,0.6027,0.0939
170667841-0_540.mp4,295,0.3059,0.4486,2.2493,0.6592,0.1105
170667841-0_540.mp4,442,0.2926,0.4188,2.2172,0.6343,0.0903
170667841-0_540.mp4,590,0.3258,0.4672,2.3485,0.6667,0.1134
170864056-0_905.mp4,0,0.4378,0.6208,2.6489,0.7308,0.0917
170864056-0_905.mp4,147,0.3354,0.4061,1.3467,0.303,0.072
170864056-0_905.mp4,295,0.3401,0.4644,1.677,0.615,0.1153
170864056-0_905.mp4,442,0.3374,0.5128,2.4258,0.8289,0.1187
170864056-0_905.mp4,590,0.3481,0.531,2.4236,0.7231,0.1181
172818763-0_720.mp4,0,0.3877,0.5268,2.3348,0.6236,0.0962
172818763-0_720.mp4,147,0.3745,0.4984,1.4145,0.4981,0.1261
172818763-0_720.mp4,295,0.3968,0.6205,2.4167,0.7919,0.1039
172818763-0_720.mp4,442,0.2397,0.301,1.1028,0.3548,0.0934
172818763-0_720.mp4,590,0.3506,0.4391,1.9236,0.5,0.0799
173390616-1035_1928.mp4,0,0.4773,0.6476,2.3696,0.6,0.0733
173390616-1035_1928.mp4,147,0.4089,0.702,3.9375,0.9102,0.0988
173390616-1035_1928.mp4,295,0.4094,0.6506,2.9401,0.8274,0.095
173390616-1035_1928.mp4,442,0.3197,0.4353,1.4622,0.4242,0.0955
173390616-1035_1928.mp4,590,0.1762,0.0845,0.3316,0.1455,0.1087
175386801-5992_7022.mp4,0,0.2961,0.5301,2.115,0.7592,0.1094
175386801-5992_7022.mp4,147,0.3312,0.636,2.9313,0.9536,0.1169
175386801-5992_7022.mp4,295,0.3751,0.6157,2.7419,0.8511,0.0946
175386801-5992_7022.mp4,442,0.2572,0.4397,1.6658,0.6454,0.1055
175386801-5992_7022.mp4,590,0.2652,0.5696,2.6266,0.831,0.1088
175386801-7023_8550.mp4,0,0.3202,0.578,2.119,0.7205,0.105
175386801-7023_8550.mp4,147,0.3359,0.5652,1.9861,0.7795,0.1189
175386801-7023_8550.mp4,295,0.3812,0.6665,2.8032,0.8802,0.1244
175386801-7023_8550.mp4,442,0.2865,0.3946,1.2904,0.3646,0.0836
175386801-7023_8550.mp4,590,0.2543,0.4874,2.1474,0.7861,0.1235
175899804-2823_3988.mp4,0,0.3009,0.7724,6.4111,1.0,0.0657
175899804-2823_3988.mp4,147,0.4054,0.664,3.6988,0.9418,0.0702
175899804-2823_3988.mp4,295,0.2764,0.47,2.3437,0.8204,0.1203
175899804-2823_3988.mp4,442,0.3565,0.6959,5.123,0.8852,0.0622
175899804-2823_3988.mp4,590,0.37,0.6422,3.1829,0.9282,0.0864
176555781-5083_6614.mp4,0,0.2541,0.5955,5.161,0.9627,0.085
176555781-5083_6614.mp4,147,0.3205,0.6465,3.8628,0.9155,0.1053
176555781-5083_6614.mp4,295,0.201,0.2886,1.3231,0.599,0.1232
176555781-5083_6614.mp4,442,0.1819,0.4079,2.6687,0.9257,0.1034
176555781-5083_6614.mp4,590,0.3334,0.6195,3.0223,0.7222,0.0686
178829992-1813_3426.mp4,0,0.3136,0.5464,2.4467,0.8671,0.0983
178829992-1813_3426.mp4,147,0.2522,0.3604,1.9033,0.352,0.0807
178829992-1813_3426.mp4,295,0.2714,0.3745,1.6949,0.44,0.0782
178829992-1813_3426.mp4,442,0.2272,0.307,1.1588,0.1216,0.0566
178829992-1813_3426.mp4,590,0.2936,0.496,1.9401,0.8481,0.1356
179250895-1086_2022.mp4,0,0.3297,0.4768,1.4958,0.4296,0.1007
179250895-1086_2022.mp4,147,0.3429,0.4934,1.5921,0.721,0.1545
179250895-1086_2022.mp4,295,0.3684,0.6995,4.0169,0.9635,0.097
179250895-1086_2022.mp4,442,0.3615,0.5519,2.003,0.791,0.1367
179250895-1086_2022.mp4,590,0.3265,0.6932,4.3592,0.9897,0.1128
179444391-1018_2107.mp4,0,0.3515,0.6298,2.9275,0.8876,0.0771
179444391-1018_2107.mp4,147,0.3532,0.658,3.9292,0.8945,0.0986
179444391-1018_2107.mp4,295,0.3381,0.5487,2.1171,0.8108,0.1346
179444391-1018_2107.mp4,442,0.3529,0.7314,3.668,0.974,0.1099
179444391-1018_2107.mp4,590,0.3574,0.5475,2.3638,0.7795,0.1166
179752286-0_542.mp4,0,0.323,0.4745,1.6439,0.6654,0.1564
179752286-0_542.mp4,125,0.2868,0.2903,1.018,0.4498,0.1548
179752286-0_542.mp4,251,0.2582,0.2778,1.1211,0.4976,0.1556
179752286-0_542.mp4,377,0.2407,0.2632,0.9803,0.5051,0.162
179752286-0_542.mp4,503,0.2669,0.3113,1.1187,0.5781,0.1364
180142161-0_1125.mp4,0,0.258,0.5352,4.098,0.8991,0.0875
180142161-0_1125.mp4,147,0.2694,0.6856,5.2166,1.0,0.0947
180142161-0_1125.mp4,295,0.3691,0.7107,3.3058,0.8525,0.072
180142161-0_1125.mp4,442,0.3024,0.5665,2.6967,0.8953,0.1197
180142161-0_1125.mp4,590,0.3158,0.4339,1.7574,0.663,0.1005
180874776-0_751.mp4,0,0.267,0.5513,2.8308,1.0,0.1181
180874776-0_751.mp4,147,0.3843,0.5965,2.4455,0.6653,0.0834
180874776-0_751.mp4,295,0.3068,0.6026,2.8698,0.9062,0.1149
180874776-0_751.mp4,442,0.3606,0.5837,3.0072,0.8519,0.0914
180874776-0_751.mp4,590,0.3122,0.5832,3.4883,0.9524,0.1036
181536159-0_1021.mp4,0,0.3198,0.6306,2.752,0.8507,0.0681
181536159-0_1021.mp4,147,0.3614,0.5915,2.4496,0.8066,0.1154
181536159-0_1021.mp4,295,0.2604,0.4443,1.9734,0.7536,0.1122
181536159-0_1021.mp4,442,0.4119,0.6243,2.0395,0.7059,0.1035
181536159-0_1021.mp4,590,0.4207,0.6657,2.5505,0.8333,0.103
181917075-0_1673.mp4,0,0.3589,0.486,1.8673,0.6914,0.0999
181917075-0_1673.mp4,147,0.1443,0.0581,0.0783,0.1331,0.1061
181917075-0_1673.mp4,295,0.197,0.2728,1.0377,0.3737,0.1086
181917075-0_1673.mp4,442,0.2162,0.4964,3.2744,0.9844,0.1135
181917075-0_1673.mp4,590,0.2179,0.5237,3.5288,1.0,0.0978
182981331-0_500.mp4,0,0.2986,0.5733,3.2212,0.9118,0.1035
182981331-0_500.mp4,140,0.3788,0.7107,4.3046,0.9697,0.1032
182981331-0_500.mp4,280,0.3547,0.6484,4.3945,0.8969,0.0738
182981331-0_500.mp4,420,0.3368,0.4617,2.2411,0.7208,0.1196
182981331-0_500.mp4,560,0.5192,0.7925,4.8164,0.942,0.0693
183523046-0_453.mp4,0,0.3668,0.5925,2.4924,0.8454,0.1109
183523046-0_453.mp4,126,0.2756,0.5995,4.2653,0.9479,0.0969
183523046-0_453.mp4,252,0.2909,0.5245,1.9358,0.8,0.1521
183523046-0_453.mp4,378,0.2417,0.4894,2.4771,0.9261,0.149
183523046-0_453.mp4,504,0.5219,0.7674,4.9932,0.9,0.0574
183524084-0_530.mp4,0,0.4121,0.7604,3.9989,0.9811,0.0863
183524084-0_530.mp4,147,0.2384,0.1585,0.3817,0.083,0.0712
183524084-0_530.mp4,295,0.3362,0.4391,1.3907,0.4776,0.1025
183524084-0_530.mp4,442,0.3689,0.6626,2.5677,0.8636,0.1037
183524084-0_530.mp4,590,0.5723,0.8065,4.6438,0.9242,0.0574
184897831-2951_3922.mp4,0,0.3779,0.5787,2.151,0.6,0.0972
184897831-2951_3922.mp4,147,0.3143,0.4303,1.7333,0.5412,0.0975
184897831-2951_3922.mp4,295,0.2726,0.4151,1.8498,0.5806,0.0852
184897831-2951_3922.mp4,442,0.3588,0.48,1.7728,0.6022,0.0857
184897831-2951_3922.mp4,590,0.3176,0.4459,1.4971,0.5027,0.1201
184897831-941_2002.mp4,0,0.2991,0.6284,4.2077,0.9737,0.0774
184897831-941_2002.mp4,147,0.3373,0.5257,4.2496,0.8345,0.0681
184897831-941_2002.mp4,295,0.2739,0.3396,1.1778,0.364,0.0984
184897831-941_2002.mp4,442,0.3537,0.4741,1.8385,0.5312,0.0927
184897831-941_2002.mp4,590,0.2995,0.4074,1.4515,0.5185,0.1119
185058287-336_1051.mp4,0,0.3457,0.5368,2.5032,0.7192,0.0946
185058287-336_1051.mp4,147,0.3411,0.5979,4.1775,0.8214,0.0864
185058287-336_1051.mp4,295,0.4078,0.6831,4.3016,0.9104,0.0924
185058287-336_1051.mp4,442,0.3874,0.6829,4.7252,0.9059,0.0904
185058287-336_1051.mp4,590,0.1451,0.2796,2.3452,0.8333,0.1411
185354046-0_525.mp4,0,0.4117,0.6436,2.5874,0.8833,0.1112
185354046-0_525.mp4,147,0.316,0.4395,1.9227,0.5231,0.1029
185354046-0_525.mp4,295,0.2285,0.2538,0.7584,0.257,0.095
185354046-0_525.mp4,442,0.537,0.7141,2.7808,0.672,0.0763
185354046-0_525.mp4,590,0.3333,0.4034,1.5677,0.5288,0.1194
186099839-0_1420.mp4,0,0.3235,0.7433,7.2649,0.9559,0.0452
186099839-0_1420.mp4,147,0.3038,0.568,5.1497,0.8476,0.0554
186099839-0_1420.mp4,295,0.3398,0.5796,4.7191,0.7727,0.0703
186099839-0_1420.mp4,442,0.3412,0.6822,4.5409,0.9394,0.087
186099839-0_1420.mp4,590,0.2308,0.2934,1.2864,0.3415,0.0625
187985015-0_984.mp4,0,0.2326,0.6093,5.0764,0.9565,0.0596
187985015-0_984.mp4,147,0.3269,0.5369,2.8371,0.7179,0.0907
187985015-0_984.mp4,295,0.3488,0.6385,2.6512,0.881,0.1191
187985015-0_984.mp4,442,0.2154,0.5208,3.2131,0.9324,0.0987
187985015-0_984.mp4,590,0.4452,0.8382,4.6396,1.0,0.0926
188110540-1007_2296.mp4,0,0.423,0.6454,2.5073,0.8516,0.1148
188110540-1007_2296.mp4,147,0.3282,0.5754,2.4005,0.7851,0.1249
188110540-1007_2296.mp4,295,0.3251,0.4423,1.5593,0.619,0.1309
188110540-1007_2296.mp4,442,0.3376,0.678,3.2428,0.9101,0.0883
188110540-1007_2296.mp4,590,0.3517,0.5507,2.2669,0.7371,0.1208
188110540-275_1006.mp4,0,0.3254,0.5369,2.0501,0.6791,0.1159
188110540-275_1006.mp4,147,0.4323,0.6534,2.217,0.8099,0.1297
188110540-275_1006.mp4,295,0.2864,0.5214,2.1616,0.8477,0.1101
188110540-275_1006.mp4,442,0.3239,0.536,3.0726,0.6719,0.0588
188110540-275_1006.mp4,590,0.3463,0.6494,3.1096,0.9461,0.1119
188317665-866_1823.mp4,0,0.2541,0.3138,0.9275,0.3636,0.1066
188317665-866_1823.mp4,147,0.3904,0.6412,2.2941,0.9248,0.1141
188317665-866_1823.mp4,295,0.3873,0.5548,1.8692,0.6009,0.1207
188317665-866_1823.mp4,442,0.2755,0.4445,2.5377,0.6967,0.0979
188317665-866_1823.mp4,590,0.3539,0.5089,1.6612,0.4756,0.0891
188681554-3001_4012.mp4,0,0.3264,0.7453,5.707,1.0,0.0642
188681554-3001_4012.mp4,147,0.469,0.7482,4.1836,0.8864,0.0804
188681554-3001_4012.mp4,295,0.3894,0.7934,4.7189,0.9786,0.0717
188681554-3001_4012.mp4,442,0.3228,0.6848,4.8271,0.9595,0.0849
188681554-3001_4012.mp4,590,0.3192,0.645,4.9506,0.9211,0.0668
188801399-0_1261.mp4,0,0.3774,0.6981,3.0996,0.8598,0.0754
188801399-0_1261.mp4,147,0.3497,0.646,4.3107,0.9853,0.0894
188801399-0_1261.mp4,295,0.3685,0.5248,2.0733,0.6569,0.082
188801399-0_1261.mp4,442,0.3672,0.6327,2.8156,0.9096,0.096
188801399-0_1261.mp4,590,0.3874,0.6886,3.7419,1.0,0.1028
190027027-0_987.mp4,0,0.441,0.7745,3.8179,0.9762,0.0996
190027027-0_987.mp4,147,0.4641,0.8242,4.8842,0.9879,0.0775
190027027-0_987.mp4,295,0.2552,0.4328,2.1318,0.7753,0.0903
190027027-0_987.mp4,442,0.3687,0.6828,3.3527,1.0,0.1062
190027027-0_987.mp4,590,0.3494,0.4966,1.6893,0.7317,0.0963
190027027-988_1992.mp4,0,0.3272,0.6218,3.9771,0.9658,0.0906
190027027-988_1992.mp4,147,0.3349,0.6298,4.2228,0.936,0.092
190027027-988_1992.mp4,295,0.3219,0.6241,3.7547,0.9605,0.0921
190027027-988_1992.mp4,442,0.4004,0.7596,3.5724,0.974,0.0833
190027027-988_1992.mp4,590,0.378,0.5729,2.6197,0.8357,0.0907
190381319-0_1480.mp4,0,0.2352,0.5213,3.3424,0.9621,0.092
190381319-0_1480.mp4,147,0.2428,0.2852,1.0654,0.4405,0.1058
190381319-0_1480.mp4,295,0.2241,0.4398,2.6263,0.6875,0.0824
190381319-0_1480.mp4,442,0.2254,0.2018,0.5352,0.2537,0.1171
190381319-0_1480.mp4,590,0.2504,0.4829,2.1248,0.6667,0.1032
190627979-0_1031.mp4,0,0.3372,0.5978,2.7639,0.806,0.1005
190627979-0_1031.mp4,147,0.2894,0.5573,4.8163,0.875,0.0746
190627979-0_1031.mp4,295,0.409,0.5664,2.2973,0.6534,0.0869
190627979-0_1031.mp4,442,0.1707,0.1617,0.4511,0.1059,0.1191
190627979-0_1031.mp4,590,0.3499,0.624,2.7528,0.8919,0.1257
190750892-20_721.mp4,0,0.3409,0.4897,1.5014,0.57,0.1346
190750892-20_721.mp4,147,0.3099,0.5761,2.4237,0.8673,0.1248
190750892-20_721.mp4,295,0.2077,0.2572,0.707,0.21,0.1133
190750892-20_721.mp4,442,0.1814,0.4133,2.6836,0.9054,0.1503
190750892-20_721.mp4,590,0.4174,0.7354,2.8536,0.9264,0.1275
191050102-0_996.mp4,0,0.3045,0.6284,2.8228,0.9333,0.1159
191050102-0_996.mp4,147,0.3188,0.5817,2.1183,0.6598,0.084
191050102-0_996.mp4,295,0.3533,0.5574,1.7141,0.5397,0.0944
191050102-0_996.mp4,442,0.2434,0.2831,0.975,0.3722,0.1395
191050102-0_996.mp4,590,0.3309,0.6529,3.2986,0.8743,0.0981
191050102-3004_4560.mp4,0,0.3292,0.6269,2.6758,0.8933,0.106
191050102-3004_4560.mp4,147,0.4568,0.5771,1.797,0.6258,0.1222
191050102-3004_4560.mp4,295,0.3609,0.5516,2.0318,0.7446,0.1168
191050102-3004_4560.mp4,442,0.3108,0.3876,1.2637,0.4122,0.1189
191050102-3004_4560.mp4,590,0.2682,0.6048,3.4554,0.9319,0.0921
191129380-0_1405.mp4,0,0.3458,0.7414,4.4974,0.98,0.0834
191129380-0_1405.mp4,147,0.2957,0.5549,3.5691,0.7872,0.086
191129380-0_1405.mp4,295,0.2366,0.3331,1.0732,0.2833,0.09
191129380-0_1405.mp4,442,0.2638,0.5401,3.3269,0.8391,0.1068
191129380-0_1405.mp4,590,0.3195,0.5551,3.0053,0.7944,0.113
191129593-0_1118.mp4,0,0.1767,0.4668,4.9279,0.9326,0.0715
191129593-0_1118.mp4,147,0.2552,0.5952,3.8319,0.9709,0.0946
191129593-0_1118.mp4,295,0.3857,0.7156,3.9396,1.0,0.0936
191129593-0_1118.mp4,442,0.2449,0.5835,3.3167,1.0,0.118
191129593-0_1118.mp4,590,0.2446,0.568,3.3362,0.9853,0.1121
191958054-1015_2229.mp4,0,0.3819,0.4608,1.605,0.4852,0.1179
191958054-1015_2229.mp4,147,0.4284,0.6102,2.4985,0.7801,0.1302
191958054-1015_2229.mp4,295,0.4016,0.5024,1.5235,0.6323,0.1362
191958054-1015_2229.mp4,442,0.3912,0.587,2.3468,0.8125,0.1254
191958054-1015_2229.mp4,590,0.2897,0.3816,1.1538,0.4619,0.1343
192082551-1011_2028.mp4,0,0.2308,0.4708,3.3261,0.9317,0.1293
192082551-1011_2028.mp4,147,0.3379,0.5245,1.7282,0.4792,0.1008
192082551-1011_2028.mp4,295,0.2392,0.4312,2.1868,0.9853,0.1216
192082551-1011_2028.mp4,442,0.3131,0.6693,3.3253,0.9412,0.0854
192082551-1011_2028.mp4,590,0.2531,0.5787,3.0342,0.971,0.117
193948276-0_960.mp4,0,0.399,0.5512,1.9931,0.5551,0.0983
193948276-0_960.mp4,147,0.3739,0.4774,1.6545,0.4595,0.0906
193948276-0_960.mp4,295,0.2997,0.6408,5.3775,0.9841,0.0682
193948276-0_960.mp4,442,0.3196,0.6375,3.4742,0.9394,0.0916
193948276-0_960.mp4,590,0.3392,0.6983,3.6979,1.0,0.1202
198721655-1971_2782.mp4,0,0.2603,0.5228,2.3063,0.6822,0.0706
198721655-1971_2782.mp4,147,0.4256,0.6681,2.7542,0.7239,0.0619
198721655-1971_2782.mp4,295,0.3099,0.4871,2.1853,0.6614,0.0682
198721655-1971_2782.mp4,442,0.3565,0.7087,4.4917,0.9394,0.0818
198721655-1971_2782.mp4,590,0.4029,0.7362,3.8635,0.8867,0.0718
198746424-993_1969.mp4,0,0.4277,0.6197,2.7373,0.8167,0.0743
198746424-993_1969.mp4,147,0.2708,0.23,0.7465,0.2468,0.0988
198746424-993_1969.mp4,295,0.3288,0.5129,1.8727,0.473,0.075
198746424-993_1969.mp4,442,0.2281,0.2728,0.9102,0.3009,0.0959
198746424-993_1969.mp4,590,0.4418,0.6948,2.7486,0.8667,0.1074
200860865-2992_4026.mp4,0,0.38,0.6881,4.0545,0.9261,0.1027
200860865-2992_4026.mp4,147,0.3507,0.6241,2.9008,0.8611,0.1259
200860865-2992_4026.mp4,295,0.3855,0.765,6.1049,0.9867,0.0635
200860865-2992_4026.mp4,442,0.4397,0.6371,2.3431,0.8533,0.1153
200860865-2992_4026.mp4,590,0.3864,0.62,4.1842,0.7534,0.0723
203234007-2026_3018.mp4,0,0.3738,0.475,1.7412,0.4605,0.0933
203234007-2026_3018.mp4,147,0.2723,0.566,2.6584,0.9172,0.1283
203234007-2026_3018.mp4,295,0.2954,0.4148,1.7728,0.507,0.0887
203234007-2026_3018.mp4,442,0.3482,0.3436,0.7665,0.2262,0.0952
203234007-2026_3018.mp4,590,0.2605,0.3421,0.9385,0.1667,0.0878
203712233-5267_7997.mp4,0,0.2539,0.3666,1.6256,0.4286,0.0899
203712233-5267_7997.mp4,147,0.4404,0.5249,2.1242,0.5236,0.082
203712233-5267_7997.mp4,295,0.2365,0.3449,1.4178,0.7604,0.1544
203712233-5267_7997.mp4,442,0.319,0.394,1.2552,0.3788,0.1253
203712233-5267_7997.mp4,590,0.2283,0.187,0.6141,0.3431,0.1608
206445361-0_813.mp4,0,0.3665,0.5071,1.8887,0.5846,0.0922
206445361-0_813.mp4,147,0.3745,0.7299,4.3431,0.9762,0.0765
206445361-0_813.mp4,295,0.3222,0.7128,5.1214,0.9846,0.0625
206445361-0_813.mp4,442,0.4009,0.7207,3.9201,0.9479,0.0892
206445361-0_813.mp4,590,0.2199,0.526,2.4271,0.8775,0.0972
207316933-0_720.mp4,0,0.2413,0.4433,2.2292,0.8684,0.0997
207316933-0_720.mp4,147,0.3992,0.6679,3.191,0.7466,0.0792
207316933-0_720.mp4,295,0.3167,0.644,3.3684,0.973,0.0971
207316933-0_720.mp4,442,0.1393,0.3184,2.2565,0.8784,0.0939
207316933-0_720.mp4,590,0.3638,0.6081,2.7006,0.7554,0.0887
208101788-1015_2110.mp4,0,0.3893,0.6942,3.4827,0.9706,0.0869
208101788-1015_2110.mp4,147,0.3173,0.4281,2.0766,0.6202,0.0851
208101788-1015_2110.mp4,295,0.3666,0.6361,2.656,0.9005,0.132
208101788-1015_2110.mp4,442,0.2876,0.5657,3.3767,0.9487,0.0936
208101788-1015_2110.mp4,590,0.2787,0.4985,2.8825,0.9231,0.1453
212446603-1001_2012.mp4,0,0.213,0.6006,4.1809,1.0,0.1274
212446603-1001_2012.mp4,147,0.4103,0.7303,3.8116,0.9366,0.1006
212446603-1001_2012.mp4,295,0.4651,0.6721,2.5609,0.8226,0.0986
212446603-1001_2012.mp4,442,0.3666,0.6394,2.6448,0.9552,0.1247
212446603-1001_2012.mp4,590,0.3231,0.6697,4.5661,0.9734,0.0938
216328111-0_5482.mp4,0,0.4713,0.5519,2.5942,0.5845,0.0658
216328111-0_5482.mp4,147,0.4231,0.6882,4.7302,0.9054,0.0675
216328111-0_5482.mp4,295,0.3464,0.6328,5.0152,0.9143,0.0662
216328111-0_5482.mp4,442,0.3794,0.6276,4.9008,0.8955,0.0489
216328111-0_5482.mp4,590,0.3967,0.7493,5.792,0.942,0.0563
219274169-0_760.mp4,0,0.4013,0.6032,2.2184,0.7816,0.1072
219274169-0_760.mp4,147,0.3316,0.4275,1.6066,0.6731,0.1335
219274169-0_760.mp4,295,0.437,0.6554,3.2907,0.827,0.0885
219274169-0_760.mp4,442,0.4316,0.6245,2.323,0.6716,0.0838
219274169-0_760.mp4,590,0.2014,0.3102,1.4948,0.5744,0.1194
219701937-0_993.mp4,0,0.3155,0.4706,1.7645,0.5845,0.1043
219701937-0_993.mp4,147,0.3411,0.526,1.9802,0.7467,0.0951
219701937-0_993.mp4,295,0.2724,0.6105,3.7561,1.0,0.1197
219701937-0_993.mp4,442,0.2597,0.3396,1.1744,0.385,0.1185
219701937-0_993.mp4,590,0.2992,0.722,4.9317,1.0,0.0807
220499124-1036_1794.mp4,0,0.3763,0.5134,1.8134,0.5652,0.1012
220499124-1036_1794.mp4,147,0.1687,0.2065,1.1891,0.3944,0.107
220499124-1036_1794.mp4,295,0.4348,0.7193,2.8702,0.7692,0.0753
220499124-1036_1794.mp4,442,0.4102,0.6097,3.6058,0.7391,0.0893
220499124-1036_1794.mp4,590,0.4777,0.794,4.4827,0.8958,0.0583
220717846-0_10266.mp4,0,0.3706,0.6586,2.8626,0.8768,0.1023
220717846-0_10266.mp4,147,0.3012,0.5081,2.5102,0.6602,0.0761
220717846-0_10266.mp4,295,0.3321,0.5049,2.7388,0.75,0.1059
220717846-0_10266.mp4,442,0.3905,0.6153,2.6792,0.803,0.0979
220717846-0_10266.mp4,590,0.352,0.5812,2.6911,0.7344,0.0954
221610347-0_1632.mp4,0,0.4859,0.7346,3.9539,0.7804,0.0625
221610347-0_1632.mp4,147,0.2784,0.4911,2.2345,0.7404,0.1027
221610347-0_1632.mp4,295,0.3584,0.4921,1.9237,0.7273,0.1129
221610347-0_1632.mp4,442,0.2298,0.3649,1.5461,0.6667,0.1152
221610347-0_1632.mp4,590,0.3791,0.6629,4.7408,0.903,0.0584
226653240-1028_2025.mp4,0,0.2456,0.3513,1.2764,0.4267,0.099
226653240-1028_2025.mp4,147,0.3279,0.4206,1.3707,0.4027,0.0809
226653240-1028_2025.mp4,295,0.299,0.4241,1.8892,0.5349,0.0826
226653240-1028_2025.mp4,442,0.4366,0.6033,2.3198,0.7324,0.1038
226653240-1028_2025.mp4,590,0.3804,0.5295,1.8163,0.5046,0.0802
227938046-1790_3406.mp4,0,0.3287,0.5431,2.0342,0.7028,0.1207
227938046-1790_3406.mp4,147,0.3287,0.4194,1.2382,0.4836,0.1285
227938046-1790_3406.mp4,295,0.427,0.6559,3.1647,0.7559,0.0735
227938046-1790_3406.mp4,442,0.3957,0.5481,2.172,0.7324,0.1291
227938046-1790_3406.mp4,590,0.2686,0.3868,1.8345,0.6275,0.0902
229266289-80_992.mp4,0,0.3352,0.6238,2.7336,0.934,0.114
229266289-80_992.mp4,147,0.3448,0.4634,1.5724,0.536,0.0994
229266289-80_992.mp4,295,0.4054,0.6036,2.7268,0.7981,0.0837
229266289-80_992.mp4,442,0.3971,0.6418,2.6325,0.8696,0.1087
229266289-80_992.mp4,590,0.3346,0.4347,1.4391,0.3944,0.0843
229266289-993_1965.mp4,0,0.4103,0.6492,2.6328,0.7548,0.0754
229266289-993_1965.mp4,147,0.3504,0.5563,2.1238,0.6062,0.0754
229266289-993_1965.mp4,295,0.3696,0.6466,2.9939,0.8944,0.1008
229266289-993_1965.mp4,442,0.204,0.3943,1.9746,0.5469,0.0754
229266289-993_1965.mp4,590,0.2939,0.4558,1.8506,0.6891,0.0921
229289119-0_2222.mp4,0,0.2505,0.3643,1.8616,0.6431,0.1093
229289119-0_2222.mp4,147,0.2207,0.2694,1.2131,0.4032,0.114
229289119-0_2222.mp4,295,0.3352,0.5719,2.5146,0.7249,0.0924
229289119-0_2222.mp4,442,0.3336,0.6023,2.9352,0.873,0.1051
229289119-0_2222.mp4,590,0.3476,0.6983,5.2345,0.9683,0.068
229540932-0_500.mp4,0,0.2253,0.5862,4.4799,0.85,0.0601
229540932-0_500.mp4,140,0.2452,0.4127,3.9965,0.7596,0.0625
229540932-0_500.mp4,280,0.237,0.4885,3.5581,0.8475,0.0866
229540932-0_500.mp4,420,0.2357,0.452,4.0737,0.8203,0.0794
229540932-0_500.mp4,560,0.3796,0.4423,1.5651,0.5274,0.0986
230417917-125_997.mp4,0,0.2989,0.5788,2.5178,0.9019,0.1516
230417917-125_997.mp4,147,0.3357,0.5335,2.0524,0.6795,0.0961
230417917-125_997.mp4,295,0.2938,0.6148,3.9621,0.9844,0.0866
230417917-125_997.mp4,442,0.2313,0.4762,2.6329,0.9365,0.1015
230417917-125_997.mp4,590,0.1761,0.4166,2.2688,0.9577,0.0997
230417917-2011_3100.mp4,0,0.4203,0.7322,3.7453,0.9194,0.0739
230417917-2011_3100.mp4,147,0.3163,0.4273,1.3534,0.4737,0.1076
230417917-2011_3100.mp4,295,0.2357,0.4022,1.7713,0.4762,0.0878
230417917-2011_3100.mp4,442,0.4001,0.6443,3.6518,0.7688,0.0887
230417917-2011_3100.mp4,590,0.375,0.6711,3.4581,0.8098,0.0828
230963655-0_720.mp4,0,0.3212,0.6201,2.4294,0.8368,0.0959
230963655-0_720.mp4,147,0.4335,0.7864,5.9341,0.944,0.0516
230963655-0_720.mp4,295,0.3994,0.7264,3.6125,0.9137,0.0797
230963655-0_720.mp4,442,0.454,0.6376,2.5142,0.7324,0.1066
230963655-0_720.mp4,590,0.4028,0.6797,2.7502,0.8767,0.1229
231239343-0_440.mp4,0,0.2706,0.5791,3.7954,0.9053,0.0635
231239343-0_440.mp4,127,0.2533,0.4371,1.7502,0.5368,0.0837
231239343-0_440.mp4,255,0.3302,0.4898,1.7669,0.5323,0.1026
231239343-0_440.mp4,382,0.3425,0.545,2.5483,0.6768,0.0799
231239343-0_440.mp4,510,0.2643,0.3969,2.0201,0.5081,0.0693
232346996-991_1985.mp4,0,0.2812,0.392,1.4149,0.4532,0.0963
232346996-991_1985.mp4,147,0.2569,0.4895,2.7374,0.7461,0.0855
232346996-991_1985.mp4,295,0.2532,0.4977,2.3254,0.8939,0.161
232346996-991_1985.mp4,442,0.3736,0.6489,2.8985,0.7778,0.0672
232346996-991_1985.mp4,590,0.3303,0.4444,1.6725,0.4658,0.084
232589092-990_1985.mp4,0,0.3387,0.4799,1.5662,0.5706,0.127
232589092-990_1985.mp4,147,0.4082,0.7615,5.3687,0.9814,0.0719
232589092-990_1985.mp4,295,0.3928,0.7093,4.662,0.9125,0.0626
232589092-990_1985.mp4,442,0.415,0.516,1.6114,0.5287,0.1168
232589092-990_1985.mp4,590,0.2503,0.3623,1.5487,0.4877,0.0974
232848412-0_476.mp4,0,0.3038,0.5439,2.6262,0.6866,0.083
232848412-0_476.mp4,139,0.4534,0.7828,3.9863,0.9537,0.0881
232848412-0_476.mp4,278,0.3114,0.5941,2.9327,0.7556,0.1189
232848412-0_476.mp4,417,0.3949,0.5648,2.118,0.6438,0.0972
232848412-0_476.mp4,556,0.4155,0.5094,1.9022,0.6842,0.1104
233123386-0_376.mp4,0,0.3375,0.521,1.5747,0.3909,0.0782
233123386-0_376.mp4,102,0.4793,0.7026,3.1297,0.7864,0.0865
233123386-0_376.mp4,205,0.3567,0.5168,1.7534,0.725,0.109
233123386-0_376.mp4,308,0.3279,0.4367,1.5699,0.4267,0.0818
233123386-0_376.mp4,411,0.4494,0.6982,4.4102,0.8937,0.0602
233604925-0_979.mp4,0,0.5226,0.7462,3.3353,0.8963,0.082
233604925-0_979.mp4,147,0.3415,0.2901,0.7558,0.1855,0.0784
233604925-0_979.mp4,295,0.3825,0.734,4.0536,0.9848,0.0868
233604925-0_979.mp4,442,0.4696,0.7729,3.9561,0.978,0.1181
233604925-0_979.mp4,590,0.4077,0.7279,4.1958,0.9704,0.0992
233604925-980_2440.mp4,0,0.3812,0.5064,1.6936,0.6354,0.1385
233604925-980_2440.mp4,147,0.4642,0.7465,3.4742,0.9454,0.0983
233604925-980_2440.mp4,295,0.4053,0.5911,2.1904,0.7476,0.1096
233604925-980_2440.mp4,442,0.4232,0.6312,2.3617,0.7956,0.1163
233604925-980_2440.mp4,590,0.3197,0.3827,1.3358,0.4143,0.1038
235659981-0_720.mp4,0,0.348,0.6525,3.2695,0.9022,0.103
235659981-0_720.mp4,147,0.1392,0.1548,0.599,0.194,0.1388
235659981-0_720.mp4,295,0.377,0.4985,1.5384,0.4319,0.0936
235659981-0_720.mp4,442,0.3132,0.4989,1.7025,0.3483,0.0598
235659981-0_720.mp4,590,0.2074,0.4138,2.1014,0.7114,0.1127
235690410-6001_7321.mp4,0,0.4097,0.7415,3.8311,0.9336,0.0928
235690410-6001_7321.mp4,147,0.3883,0.5917,2.2379,0.754,0.1117
235690410-6001_7321.mp4,295,0.2662,0.5505,2.533,0.918,0.1595
235690410-6001_7321.mp4,442,0.4572,0.6973,3.3927,0.7542,0.0615
235690410-6001_7321.mp4,590,0.3404,0.5596,2.0871,0.767,0.1093
236284058-2970_4066.mp4,0,0.3548,0.4807,1.7756,0.6172,0.1068
236284058-2970_4066.mp4,147,0.4137,0.6631,2.286,0.6285,0.0723
236284058-2970_4066.mp4,295,0.2622,0.4109,2.0204,0.6505,0.1085
236284058-2970_4066.mp4,442,0.3433,0.5826,2.8137,0.6984,0.083
236284058-2970_4066.mp4,590,0.283,0.4131,1.3893,0.5303,0.1271
236772527-3022_4513.mp4,0,0.2567,0.29,0.8207,0.2181,0.0956
236772527-3022_4513.mp4,147,0.4014,0.7369,4.1054,0.9872,0.0767
236772527-3022_4513.mp4,295,0.1248,0.1221,0.3443,0.0704,0.1054
236772527-3022_4513.mp4,442,0.1758,0.2509,0.4774,0.1176,0.1046
236772527-3022_4513.mp4,590,0.0868,0.072,0.2411,0.0279,0.1046
236891768-992_1896.mp4,0,0.2674,0.5153,3.0313,0.973,0.1408
236891768-992_1896.mp4,147,0.3195,0.5728,2.2634,0.8851,0.134
236891768-992_1896.mp4,295,0.2883,0.6101,3.5704,1.0,0.1019
236891768-992_1896.mp4,442,0.3546,0.6115,2.6022,0.7725,0.0736
236891768-992_1896.mp4,590,0.2552,0.381,1.6382,0.5759,0.1144
237393077-965_2885.mp4,0,0.1491,0.2837,1.3036,0.3253,0.074
237393077-965_2885.mp4,147,0.2334,0.2454,0.9433,0.3243,0.0988
237393077-965_2885.mp4,295,0.3205,0.4845,2.0217,0.6351,0.081
237393077-965_2885.mp4,442,0.2387,0.3288,1.3153,0.3952,0.0935
237393077-965_2885.mp4,590,0.2401,0.382,1.3451,0.4533,0.0885
237611105-2052_3322.mp4,0,0.4473,0.7384,2.6988,0.9371,0.1285
237611105-2052_3322.mp4,147,0.3485,0.5466,1.96,0.5884,0.0972
237611105-2052_3322.mp4,295,0.3402,0.674,2.6161,0.9197,0.0989
237611105-2052_3322.mp4,442,0.4195,0.5143,1.6946,0.5278,0.0804
237611105-2052_3322.mp4,590,0.3699,0.6004,2.8049,0.7906,0.0997
237611105-3323_7834.mp4,0,0.375,0.6308,2.2601,0.7724,0.0922
237611105-3323_7834.mp4,147,0.3412,0.593,2.8563,0.8028,0.0918
237611105-3323_7834.mp4,295,0.2655,0.3085,1.2694,0.4286,0.0864
237611105-3323_7834.mp4,442,0.2746,0.4894,1.9976,0.6901,0.1175
237611105-3323_7834.mp4,590,0.2612,0.3199,0.9898,0.3425,0.1198
238213196-1968_2989.mp4,0,0.3233,0.5266,2.0331,0.5965,0.0957
238213196-1968_2989.mp4,147,0.3224,0.4993,1.8193,0.6514,0.1071
238213196-1968_2989.mp4,295,0.2837,0.4158,1.6091,0.4793,0.0943
238213196-1968_2989.mp4,442,0.3681,0.593,2.1431,0.8103,0.1239
238213196-1968_2989.mp4,590,0.2684,0.3334,1.2286,0.2892,0.0887
238478229-0_545.mp4,0,0.3052,0.4759,1.6698,0.5892,0.0927
238478229-0_545.mp4,147,0.275,0.5419,2.5286,0.8759,0.1332
238478229-0_545.mp4,295,0.3765,0.5516,1.8361,0.4976,0.0754
238478229-0_545.mp4,442,0.524,0.7617,3.9701,0.8241,0.067
238478229-0_545.mp4,590,0.3208,0.5659,3.8335,0.8443,0.1069
238634538-0_1251.mp4,0,0.4069,0.7543,3.8193,0.975,0.0878
238634538-0_1251.mp4,147,0.4386,0.6247,3.393,0.781,0.0822
238634538-0_1251.mp4,295,0.4189,0.6176,2.633,0.8203,0.0917
238634538-0_1251.mp4,442,0.4247,0.6349,1.8505,0.6982,0.1335
238634538-0_1251.mp4,590,0.3709,0.4754,1.3312,0.4652,0.1011
238681856-0_1031.mp4,0,0.1895,0.17,0.529,0.1922,0.137
238681856-0_1031.mp4,147,0.3698,0.498,1.8512,0.5269,0.0965
238681856-0_1031.mp4,295,0.3391,0.6056,2.8966,0.8214,0.1
238681856-0_1031.mp4,442,0.3129,0.3953,1.2851,0.5176,0.1465
238681856-0_1031.mp4,590,0.1859,0.1722,0.6244,0.1045,0.1062
238681856-3023_4041.mp4,0,0.3487,0.5163,1.749,0.5683,0.1032
238681856-3023_4041.mp4,147,0.2951,0.4108,1.1414,0.3793,0.1059
238681856-3023_4041.mp4,295,0.4093,0.5381,1.8537,0.5135,0.0863
238681856-3023_4041.mp4,442,0.2969,0.3611,1.2535,0.3214,0.0793
238681856-3023_4041.mp4,590,0.3248,0.5389,2.2124,0.7709,0.1201
238878273-3029_4033.mp4,0,0.1889,0.3503,1.4266,0.6008,0.1415
238878273-3029_4033.mp4,147,0.3706,0.5396,2.7661,0.6731,0.0972
238878273-3029_4033.mp4,295,0.1908,0.3092,1.817,0.5522,0.1135
238878273-3029_4033.mp4,442,0.2562,0.4832,2.409,0.8278,0.1098
238878273-3029_4033.mp4,590,0.4374,0.7352,3.6266,0.7538,0.0729
239014458-96_981.mp4,0,0.2273,0.4633,2.4705,0.7647,0.0842
239014458-96_981.mp4,147,0.3089,0.6704,4.7739,0.9534,0.073
239014458-96_981.mp4,295,0.3987,0.665,3.5077,0.8725,0.1019
239014458-96_981.mp4,442,0.2698,0.5514,2.9273,0.9771,0.1235
239014458-96_981.mp4,590,0.2457,0.4737,2.369,0.9103,0.1407
239014458-982_2052.mp4,0,0.4196,0.5752,1.8632,0.6471,0.1146
239014458-982_2052.mp4,147,0.3138,0.4682,1.8675,0.7262,0.1147
239014458-982_2052.mp4,295,0.3277,0.5424,2.2416,0.9,0.1221
239014458-982_2052.mp4,442,0.2532,0.5528,2.6305,0.9846,0.1254
239014458-982_2052.mp4,590,0.2996,0.5936,3.0979,0.9557,0.1073
239019214-0_1500.mp4,0,0.3504,0.6884,3.3096,0.9391,0.1019
239019214-0_1500.mp4,147,0.408,0.5463,2.0522,0.6268,0.1089
239019214-0_1500.mp4,295,0.3538,0.6781,3.8059,0.9143,0.0906
239019214-0_1500.mp4,442,0.2884,0.4851,1.7148,0.6766,0.1409
239019214-0_1500.mp4,590,0.2699,0.485,2.1515,0.8333,0.11
239031610-0_1537.mp4,0,0.2805,0.398,1.2392,0.496,0.1302
239031610-0_1537.mp4,147,0.4439,0.6352,2.0761,0.7154,0.1197
239031610-0_1537.mp4,295,0.3127,0.546,2.8972,0.6772,0.0554
239031610-0_1537.mp4,442,0.2434,0.2136,0.6791,0.1295,0.054
239031610-0_1537.mp4,590,0.4192,0.6166,2.8511,0.6406,0.0655
239139943-0_1055.mp4,0,0.1403,0.3654,2.9958,0.9387,0.1405
239139943-0_1055.mp4,147,0.5094,0.8111,4.3374,0.9237,0.0688
239139943-0_1055.mp4,295,0.3343,0.6945,4.8387,0.955,0.0905
239139943-0_1055.mp4,442,0.1199,-0.0072,-0.0487,0.0145,0.0623
239139943-0_1055.mp4,590,0.3164,0.5802,2.8884,0.7606,0.0779
239949565-2014_3121.mp4,0,0.2556,0.4739,1.7765,0.2937,0.0546
239949565-2014_3121.mp4,147,0.3232,0.5244,1.6407,0.7414,0.1596
239949565-2014_3121.mp4,295,0.3903,0.5559,1.8559,0.7206,0.1373
239949565-2014_3121.mp4,442,0.2085,0.5038,3.0574,0.8857,0.0701
239949565-2014_3121.mp4,590,0.2004,0.3848,1.4198,0.401,0.1201
239949565-6985_8016.mp4,0,0.4066,0.6723,3.0156,0.9281,0.1026
239949565-6985_8016.mp4,147,0.2414,0.1916,0.5834,0.2174,0.1114
239949565-6985_8016.mp4,295,0.1215,0.2161,0.9543,0.2714,0.1017
239949565-6985_8016.mp4,442,0.384,0.5774,2.4514,0.7078,0.0835
239949565-6985_8016.mp4,590,0.2904,0.4946,2.5122,0.7451,0.0827
240015784-0_992.mp4,0,0.4905,0.7928,4.9657,0.9643,0.069
240015784-0_992.mp4,147,0.4572,0.7705,4.5288,0.9653,0.0896
240015784-0_992.mp4,295,0.2116,0.4103,2.1005,0.7689,0.1091
240015784-0_992.mp4,442,0.2666,0.4042,1.7022,0.7476,0.1236
240015784-0_992.mp4,590,0.2049,0.3251,1.6741,0.7398,0.1047
240015784-3983_5520.mp4,0,0.3087,0.6772,6.1146,0.9683,0.0748
240015784-3983_5520.mp4,147,0.4362,0.816,6.517,0.985,0.0586
240015784-3983_5520.mp4,295,0.3941,0.6437,4.2659,0.8922,0.062
240015784-3983_5520.mp4,442,0.3232,0.5466,3.5999,0.8522,0.0952
240015784-3983_5520.mp4,590,0.3532,0.6859,4.9786,0.9077,0.0846
240156468-0_721.mp4,0,0.4134,0.6912,3.4669,0.9356,0.0916
240156468-0_721.mp4,147,0.4232,0.578,2.0192,0.68,0.1178
240156468-0_721.mp4,295,0.3657,0.7049,3.2214,0.986,0.1484
240156468-0_721.mp4,442,0.3803,0.5449,2.1757,0.6389,0.0937
240156468-0_721.mp4,590,0.3268,0.6413,3.1464,0.9682,0.1217
240527619-2753_4167.mp4,0,0.2796,0.2423,0.692,0.2941,0.1519
240527619-2753_4167.mp4,147,0.2153,0.1481,0.2945,0.175,0.1463
240527619-2753_4167.mp4,295,0.3768,0.442,1.4055,0.5787,0.1149
240527619-2753_4167.mp4,442,0.3016,0.288,0.8653,0.3084,0.115
240527619-2753_4167.mp4,590,0.2205,0.2279,0.7461,0.2769,0.1038
240540029-2948_4037.mp4,0,0.291,0.5117,2.7271,0.8511,0.1333
240540029-2948_4037.mp4,147,0.3565,0.5,2.0801,0.7531,0.1151
240540029-2948_4037.mp4,295,0.4083,0.6081,1.9291,0.661,0.0918
240540029-2948_4037.mp4,442,0.3017,0.4505,1.5553,0.4421,0.106
240540029-2948_4037.mp4,590,0.1139,0.1024,0.3949,0.0812,0.1269
240545098-968_2198.mp4,0,0.439,0.6096,2.3505,0.7444,0.1114
240545098-968_2198.mp4,147,0.4165,0.7649,4.3596,0.975,0.0785
240545098-968_2198.mp4,295,0.3469,0.4299,1.4974,0.4363,0.0978
240545098-968_2198.mp4,442,0.4,0.6474,3.2615,0.8466,0.0856
240545098-968_2198.mp4,590,0.3781,0.6428,3.6541,0.8923,0.0843
240782350-25_1559.mp4,0,0.256,0.4332,2.07,0.9286,0.1256
240782350-25_1559.mp4,147,0.3332,0.664,3.7291,0.913,0.0909
240782350-25_1559.mp4,295,0.2473,0.4606,2.3846,0.9012,0.1076
240782350-25_1559.mp4,442,0.4502,0.7286,3.4136,0.8391,0.0837
240782350-25_1559.mp4,590,0.2482,0.318,0.9952,0.3966,0.1519
240912947-6222_7442.mp4,0,0.4205,0.8094,4.6744,0.9828,0.0621
240912947-6222_7442.mp4,147,0.2651,0.5821,5.2273,0.9526,0.0996
240912947-6222_7442.mp4,295,0.3578,0.6768,4.0038,0.9363,0.0754
240912947-6222_7442.mp4,442,0.3124,0.4895,2.355,0.8047,0.0992
240912947-6222_7442.mp4,590,0.2243,0.4685,3.2501,0.8856,0.1074
241022845-0_630.mp4,0,0.384,0.4096,1.1202,0.2522,0.0646
241022845-0_630.mp4,147,0.3996,0.673,2.8046,0.988,0.1393
241022845-0_630.mp4,295,0.281,0.5942,3.8438,0.9634,0.0929
241022845-0_630.mp4,442,0.3467,0.5635,2.1475,0.7846,0.0983
241022845-0_630.mp4,590,0.3043,0.442,1.3798,0.4,0.1116
241881313-0_786.mp4,0,0.4373,0.576,2.5037,0.8,0.08
241881313-0_786.mp4,147,0.3505,0.5214,2.0017,0.751,0.1033
241881313-0_786.mp4,295,0.4395,0.6766,2.7579,0.8434,0.1079
241881313-0_786.mp4,442,0.399,0.5874,2.5409,0.5128,0.0578
241881313-0_786.mp4,590,0.3535,0.5441,2.5902,0.7077,0.0903
242156589-48_1029.mp4,0,0.2606,0.3927,1.4614,0.5169,0.1169
242156589-48_1029.mp4,147,0.2607,0.4122,1.8311,0.6061,0.0958
242156589-48_1029.mp4,295,0.1267,0.1034,0.1004,0.0926,0.1053
242156589-48_1029.mp4,442,0.3577,0.4996,1.5776,0.7682,0.1587
242156589-48_1029.mp4,590,0.4309,0.6449,2.2013,0.7067,0.1104
242693298-7030_8331.mp4,0,0.3719,0.6542,3.6431,0.8964,0.0856
242693298-7030_8331.mp4,147,0.4188,0.6791,3.3148,0.8953,0.0931
242693298-7030_8331.mp4,295,0.4388,0.6331,2.9372,0.7009,0.0708
242693298-7030_8331.mp4,442,0.5755,0.8613,4.6772,0.971,0.0719
242693298-7030_8331.mp4,590,0.5344,0.7542,4.2745,0.9378,0.072
243716358-150_900.mp4,0,0.292,0.5159,2.125,0.8679,0.1342
243716358-150_900.mp4,147,0.2543,0.4969,2.6212,0.7708,0.1
243716358-150_900.mp4,295,0.2903,0.4501,2.0155,0.6471,0.0999
243716358-150_900.mp4,442,0.246,0.6474,4.9048,1.0,0.0926
243716358-150_900.mp4,590,0.2621,0.4164,1.651,0.7115,0.1611
243901163-0_751.mp4,0,0.2113,0.3045,1.214,0.3906,0.1056
243901163-0_751.mp4,147,0.3101,0.5764,4.2571,0.8626,0.0763
243901163-0_751.mp4,295,0.3239,0.719,4.9898,0.9845,0.0701
243901163-0_751.mp4,442,0.1474,0.5019,3.9891,0.9848,0.0989
243901163-0_751.mp4,590,0.3128,0.4921,1.8033,0.697,0.1245
244244004-10007_11586.mp4,0,0.3588,0.6578,3.179,0.9633,0.0999
244244004-10007_11586.mp4,147,0.3683,0.5934,2.4603,0.6964,0.0897
244244004-10007_11586.mp4,295,0.4105,0.6819,3.2066,0.9399,0.1037
244244004-10007_11586.mp4,442,0.1992,0.4964,3.5512,1.0,0.0933
244244004-10007_11586.mp4,590,0.2872,0.3749,1.548,0.4293,0.0859
244244004-11587_12963.mp4,0,0.4258,0.7029,3.541,0.875,0.0792
244244004-11587_12963.mp4,147,0.5035,0.663,2.543,0.7832,0.1076
244244004-11587_12963.mp4,295,0.4743,0.583,2.0903,0.7277,0.1009
244244004-11587_12963.mp4,442,0.4058,0.5847,2.2645,0.7413,0.1305
244244004-11587_12963.mp4,590,0.3514,0.4553,1.742,0.5441,0.0981
244832356-0_1000.mp4,0,0.3456,0.7003,3.8666,0.983,0.0891
244832356-0_1000.mp4,147,0.2642,0.5861,3.1239,1.0,0.1107
244832356-0_1000.mp4,295,0.3458,0.6223,3.1645,0.8415,0.0903
244832356-0_1000.mp4,442,0.3161,0.5049,2.1458,0.6828,0.0932
244832356-0_1000.mp4,590,0.3385,0.7231,4.67,1.0,0.0988
245462211-0_1601.mp4,0,0.4459,0.6603,2.2211,0.7325,0.1066
245462211-0_1601.mp4,147,0.4292,0.6544,2.4527,0.7944,0.109
245462211-0_1601.mp4,295,0.3337,0.5713,2.2769,0.8398,0.1622
245462211-0_1601.mp4,442,0.3697,0.5727,1.9607,0.7544,0.1115
245462211-0_1601.mp4,590,0.374,0.4315,1.213,0.381,0.0907
245462211-3786_6428.mp4,0,0.2911,0.6003,3.1272,0.8651,0.0859
245462211-3786_6428.mp4,147,0.3299,0.5274,2.5583,0.7959,0.1081
245462211-3786_6428.mp4,295,0.3342,0.4395,1.8284,0.5781,0.0917
245462211-3786_6428.mp4,442,0.3423,0.5251,2.5318,0.7167,0.0766
245462211-3786_6428.mp4,590,0.3365,0.5338,2.741,0.746,0.0964
246558055-2494_4612.mp4,0,0.384,0.5709,2.6803,0.6151,0.0813
246558055-2494_4612.mp4,147,0.2423,0.2478,1.075,0.3387,0.0959
246558055-2494_4612.mp4,295,0.2373,0.3213,1.1397,0.1808,0.0785
246558055-2494_4612.mp4,442,0.2221,0.2689,1.0071,0.2063,0.0886
246558055-2494_4612.mp4,590,0.1718,0.1918,0.7042,0.1099,0.0875
248303052-0_581.mp4,0,0.3827,0.6711,2.8466,0.9175,0.1178
248303052-0_581.mp4,147,0.2143,0.2442,1.0279,0.2867,0.0723
248303052-0_581.mp4,295,0.2397,0.2944,0.9785,0.2731,0.0967
248303052-0_581.mp4,442,0.3904,0.6412,2.568,0.8584,0.12
248303052-0_581.mp4,590,0.3706,0.5496,1.9395,0.6978,0.1161
248691038-0_1316.mp4,0,0.3599,0.4569,1.442,0.4,0.0954
248691038-0_1316.mp4,147,0.2445,0.2537,0.6652,0.2437,0.1064
248691038-0_1316.mp4,295,0.307,0.469,2.1887,0.6447,0.1039
248691038-0_1316.mp4,442,0.4335,0.6167,2.1573,0.692,0.1072
248691038-0_1316.mp4,590,0.355,0.3913,1.2151,0.3723,0.0869
248789484-0_1000.mp4,0,0.3231,0.5986,2.8005,0.7669,0.1031
248789484-0_1000.mp4,147,0.1999,0.3089,1.1953,0.25,0.0922
248789484-0_1000.mp4,295,0.2537,0.4327,2.3466,0.756,0.1035
248789484-0_1000.mp4,442,0.3833,0.5872,2.3757,0.7076,0.1013
248789484-0_1000.mp4,590,0.3215,0.5029,2.1058,0.6839,0.1134
249584015-0_1500.mp4,0,0.544,0.7896,3.9333,0.9267,0.0816
249584015-0_1500.mp4,147,0.3806,0.6985,3.2741,0.9839,0.1101
249584015-0_1500.mp4,295,0.288,0.4065,1.3447,0.4775,0.1127
249584015-0_1500.mp4,442,0.36,0.7052,3.3642,0.8889,0.1024
249584015-0_1500.mp4,590,0.3012,0.3665,1.2079,0.3632,0.1044
249846776-0_750.mp4,0,0.3348,0.4608,1.6707,0.5512,0.1219
249846776-0_750.mp4,147,0.2334,0.4661,2.5689,0.9597,0.084
249846776-0_750.mp4,295,0.19,0.3542,2.4292,0.794,0.1046
249846776-0_750.mp4,442,0.2744,0.6518,4.9632,1.0,0.0692
249846776-0_750.mp4,590,0.3601,0.6745,4.2907,0.9559,0.0753
250178676-0_768.mp4,0,0.3744,0.507,1.7698,0.6343,0.1245
250178676-0_768.mp4,147,0.468,0.7222,3.8047,0.875,0.0883
250178676-0_768.mp4,295,0.3792,0.5196,1.6004,0.6461,0.1322
250178676-0_768.mp4,442,0.4091,0.5267,1.773,0.6516,0.1562
250178676-0_768.mp4,590,0.3544,0.5789,2.0389,0.8354,0.1468
250992480-1979_2988.mp4,0,0.3235,0.5292,1.9618,0.605,0.084
250992480-1979_2988.mp4,147,0.3153,0.5635,2.1141,0.6471,0.082
250992480-1979_2988.mp4,295,0.3035,0.5497,2.5114,0.7056,0.0896
250992480-1979_2988.mp4,442,0.2859,0.5019,2.2121,0.7956,0.1107
250992480-1979_2988.mp4,590,0.4461,0.741,3.6235,0.8475,0.0749
251157480-992_2026.mp4,0,0.2116,0.3868,1.665,0.5238,0.1057
251157480-992_2026.mp4,147,0.3846,0.6105,2.2614,0.5804,0.067
251157480-992_2026.mp4,295,0.2604,0.3736,1.4039,0.3818,0.0919
251157480-992_2026.mp4,442,0.2468,0.2716,0.8524,0.3222,0.0991
251157480-992_2026.mp4,590,0.3558,0.6581,3.5712,0.9623,0.1057
251732884-0_1351.mp4,0,0.3887,0.6921,4.2822,0.9508,0.0912
251732884-0_1351.mp4,147,0.1065,0.0621,0.1015,0.0595,0.0562
251732884-0_1351.mp4,295,0.1777,0.2931,1.2966,0.5054,0.1174
251732884-0_1351.mp4,442,0.2981,0.5835,3.5045,0.9048,0.0888
251732884-0_1351.mp4,590,0.3855,0.6015,1.9276,0.6175,0.0987
252141230-0_880.mp4,0,0.3701,0.59,2.8237,0.9067,0.1177
252141230-0_880.mp4,147,0.3131,0.6345,4.2751,0.9143,0.0846
252141230-0_880.mp4,295,0.3651,0.6831,4.4444,0.9429,0.0723
252141230-0_880.mp4,442,0.3626,0.7201,5.8054,0.9041,0.0574
252141230-0_880.mp4,590,0.3493,0.631,2.7703,0.8,0.0823
252219238-3993_5550.mp4,0,0.3337,0.7303,5.9018,1.0,0.0675
252219238-3993_5550.mp4,147,0.2546,0.568,4.2403,0.9211,0.0837
252219238-3993_5550.mp4,295,0.426,0.5545,2.6693,0.6121,0.0691
252219238-3993_5550.mp4,442,0.3591,0.5711,2.4356,0.73,0.0955
252219238-3993_5550.mp4,590,0.2175,0.5477,3.5197,1.0,0.126
252315629-0_1500.mp4,0,0.428,0.6823,3.5083,0.9412,0.091
252315629-0_1500.mp4,147,0.3545,0.6937,3.4045,0.9403,0.102
252315629-0_1500.mp4,295,0.3575,0.6793,3.2643,0.9634,0.1001
252315629-0_1500.mp4,442,0.4284,0.7516,4.3753,0.9659,0.0922
252315629-0_1500.mp4,590,0.3443,0.5817,2.9916,0.9545,0.081
252341967-0_1000.mp4,0,0.3175,0.7358,5.5151,1.0,0.0744
252341967-0_1000.mp4,147,0.2497,0.3817,1.5209,0.7727,0.1495
252341967-0_1000.mp4,295,0.3591,0.5863,2.5972,0.7877,0.0902
252341967-0_1000.mp4,442,0.3872,0.6727,3.8078,0.8769,0.0615
252341967-0_1000.mp4,590,0.4,0.6557,3.2584,0.8792,0.0902
252367551-2973_4003.mp4,0,0.3005,0.5621,2.6661,0.8611,0.0918
252367551-2973_4003.mp4,147,0.3265,0.6174,3.5391,0.9225,0.0824
252367551-2973_4003.mp4,295,0.2764,0.5579,2.9015,0.9677,0.1238
252367551-2973_4003.mp4,442,0.3417,0.681,3.9995,0.8923,0.0844
252367551-2973_4003.mp4,590,0.2204,0.3976,1.6192,0.6032,0.1153
252447200-0_879.mp4,0,0.3292,0.6819,4.812,0.9513,0.0682
252447200-0_879.mp4,147,0.1814,0.4146,2.9394,0.9524,0.1092
252447200-0_879.mp4,295,0.3527,0.5288,1.98,0.7903,0.1399
252447200-0_879.mp4,442,0.4718,0.66,3.0456,0.7773,0.1082
252447200-0_879.mp4,590,0.2218,0.5456,3.821,1.0,0.1221
252967066-1880_2982.mp4,0,0.2693,0.6503,4.3777,1.0,0.0984
252967066-1880_2982.mp4,147,0.2434,0.2224,0.517,0.2231,0.0962
252967066-1880_2982.mp4,295,0.2763,0.5625,2.5292,0.8836,0.1032
252967066-1880_2982.mp4,442,0.2592,0.4507,2.0115,0.8549,0.1518
252967066-1880_2982.mp4,590,0.2221,0.3904,1.2031,0.4358,0.1411
252967066-6005_7075.mp4,0,0.1682,0.2634,0.935,0.2082,0.0989
252967066-6005_7075.mp4,147,0.3954,0.5847,1.4308,0.3833,0.0997
252967066-6005_7075.mp4,295,0.3831,0.6845,2.6848,0.9306,0.1097
252967066-6005_7075.mp4,442,0.3044,0.4879,1.918,0.708,0.1599
252967066-6005_7075.mp4,590,0.311,0.5015,1.7201,0.5634,0.1119
253295316-0_721.mp4,0,0.3102,0.7299,6.7204,1.0,0.0665
253295316-0_721.mp4,147,0.3042,0.6702,5.4897,0.9261,0.076
253295316-0_721.mp4,295,0.3737,0.7289,5.2771,0.9688,0.0611
253295316-0_721.mp4,442,0.2811,0.5792,4.5727,0.9152,0.109
253295316-0_721.mp4,590,0.1708,0.1829,0.8532,0.3455,0.0578
253441809-0_1440.mp4,0,0.3995,0.6494,2.8878,0.9317,0.1223
253441809-0_1440.mp4,147,0.4837,0.805,4.8033,0.9846,0.0649
253441809-0_1440.mp4,295,0.3339,0.6046,3.4437,0.9728,0.0765
253441809-0_1440.mp4,442,0.3473,0.696,5.0628,0.9167,0.0724
253441809-0_1440.mp4,590,0.3859,0.7588,5.0236,1.0,0.0751
253981706-0_985.mp4,0,0.3695,0.5806,2.369,0.7203,0.0931
253981706-0_985.mp4,147,0.3544,0.5897,2.4716,0.7397,0.1043
253981706-0_985.mp4,295,0.285,0.4322,1.5054,0.5402,0.1197
253981706-0_985.mp4,442,0.1759,0.4001,2.6697,0.6049,0.0747
253981706-0_985.mp4,590,0.3627,0.5051,2.1495,0.6545,0.1029
255008432-3993_5612.mp4,0,0.197,0.3415,1.3601,0.5046,0.0993
255008432-3993_5612.mp4,147,0.4323,0.662,2.5782,0.6765,0.088
255008432-3993_5612.mp4,295,0.3962,0.5436,1.7597,0.6306,0.0971
255008432-3993_5612.mp4,442,0.3097,0.4292,1.5048,0.4684,0.1041
255008432-3993_5612.mp4,590,0.3724,0.6279,2.7744,0.7593,0.0742
255008432-993_2033.mp4,0,0.2869,0.3886,1.4447,0.5289,0.0995
255008432-993_2033.mp4,147,0.2504,0.2932,1.0615,0.4554,0.142
255008432-993_2033.mp4,295,0.3351,0.5885,2.9178,0.8981,0.1201
255008432-993_2033.mp4,442,0.4016,0.6656,3.6621,0.795,0.0777
255008432-993_2033.mp4,590,0.261,0.4089,1.928,0.7312,0.1019
257443237-0_1500.mp4,0,0.2953,0.4743,2.1623,0.8151,0.1097
257443237-0_1500.mp4,147,0.3295,0.3892,1.2305,0.3735,0.0757
257443237-0_1500.mp4,295,0.2313,0.3838,1.4862,0.6349,0.1391
257443237-0_1500.mp4,442,0.2704,0.4796,2.9009,0.8021,0.1181
257443237-0_1500.mp4,590,0.2797,0.545,2.5623,0.7538,0.1166
257552497-0_375.mp4,0,0.3229,0.5489,3.1764,0.6678,0.0604
257552497-0_375.mp4,102,0.1867,0.3012,1.2746,0.4426,0.0965
257552497-0_375.mp4,205,0.3319,0.5441,1.9419,0.5915,0.104
257552497-0_375.mp4,307,0.3135,0.3313,1.1162,0.3766,0.1187
257552497-0_375.mp4,410,0.3584,0.4097,1.402,0.4895,0.1211
257648489-0_769.mp4,0,0.4225,0.7239,3.3369,0.8662,0.0668
257648489-0_769.mp4,147,0.2964,0.364,1.2612,0.3908,0.1022
257648489-0_769.mp4,295,0.2899,0.3987,1.4061,0.5278,0.104
257648489-0_769.mp4,442,0.4214,0.6943,3.0036,0.9851,0.1164
257648489-0_769.mp4,590,0.5073,0.7191,3.4121,0.9192,0.0877
258686993-909_2625.mp4,0,0.1198,0.2617,2.0794,0.8628,0.1225
258686993-909_2625.mp4,147,0.1901,0.3543,1.9672,0.6607,0.0915
258686993-909_2625.mp4,295,0.3754,0.4884,1.4947,0.4805,0.107
258686993-909_2625.mp4,442,0.2807,0.4362,1.7244,0.5,0.0864
258686993-909_2625.mp4,590,0.4389,0.5251,1.7302,0.491,0.0862
259147636-0_375.mp4,0,0.3263,0.6238,2.8154,0.8785,0.1028
259147636-0_375.mp4,102,0.31,0.3604,0.9397,0.3223,0.1123
259147636-0_375.mp4,205,0.202,0.3853,1.9302,0.7222,0.1028
259147636-0_375.mp4,307,0.3419,0.5477,1.928,0.6652,0.1167
259147636-0_375.mp4,410,0.3618,0.4749,1.7223,0.5946,0.1118
259379285-0_1142.mp4,0,0.4101,0.7274,3.1349,0.8718,0.0754
259379285-0_1142.mp4,147,0.2903,0.5791,3.1076,0.9353,0.1059
259379285-0_1142.mp4,295,0.3353,0.4593,1.5641,0.6696,0.1091
259379285-0_1142.mp4,442,0.3485,0.6157,2.8732,0.8729,0.1196
259379285-0_1142.mp4,590,0.3769,0.5217,2.0239,0.6076,0.1268
259518044-0_6026.mp4,0,0.3418,0.5174,1.8861,0.5954,0.0953
259518044-0_6026.mp4,147,0.3311,0.4844,1.5883,0.55,0.1119
259518044-0_6026.mp4,295,0.285,0.4046,1.4162,0.5147,0.1229
259518044-0_6026.mp4,442,0.3651,0.6165,2.1177,0.7761,0.1156
259518044-0_6026.mp4,590,0.278,0.401,1.4351,0.4776,0.1009
260146423-3019_4481.mp4,0,0.4089,0.7872,5.2681,0.9836,0.0745
260146423-3019_4481.mp4,147,0.3165,0.6862,4.314,0.9667,0.0802
260146423-3019_4481.mp4,295,0.1997,0.2278,0.7569,0.1842,0.1414
260146423-3019_4481.mp4,442,0.3838,0.7157,4.4788,0.9441,0.0739
260146423-3019_4481.mp4,590,0.3741,0.7266,5.3932,0.9836,0.075
260508257-0_1641.mp4,0,0.3198,0.6963,3.5653,0.9801,0.1301
260508257-0_1641.mp4,147,0.2389,0.5089,1.9778,0.8216,0.1332
260508257-0_1641.mp4,295,0.2491,0.5312,2.9352,0.7969,0.0894
260508257-0_1641.mp4,442,0.3718,0.6876,3.0369,0.9077,0.113
260508257-0_1641.mp4,590,0.4061,0.7102,3.455,0.9375,0.0836
260678165-25_791.mp4,0,0.3441,0.504,2.3191,0.8091,0.074
260678165-25_791.mp4,147,0.2432,0.5495,4.8065,0.91,0.1127
260678165-25_791.mp4,295,0.3738,0.7208,4.5193,0.9444,0.0744
260678165-25_791.mp4,442,0.2705,0.5703,3.184,0.9818,0.1048
260678165-25_791.mp4,590,0.3533,0.5438,2.0292,0.462,0.0752
260805845-0_956.mp4,0,0.2263,0.7101,7.361,0.996,0.0516
260805845-0_956.mp4,147,0.3103,0.6473,6.7286,0.8898,0.0533
260805845-0_956.mp4,295,0.2862,0.5213,2.1661,0.8485,0.1435
260805845-0_956.mp4,442,0.278,0.6209,4.1117,0.9396,0.1031
260805845-0_956.mp4,590,0.2839,0.5275,3.0728,0.8308,0.1161
262609726-1255_2225.mp4,0,0.3649,0.6052,2.3303,0.7965,0.1243
262609726-1255_2225.mp4,147,0.3519,0.5446,2.1787,0.8829,0.1235
262609726-1255_2225.mp4,295,0.2845,0.6106,3.5301,0.9278,0.1216
262609726-1255_2225.mp4,442,0.2775,0.5324,2.3728,0.807,0.1286
262609726-1255_2225.mp4,590,0.3138,0.6288,3.4966,0.908,0.1094
265468169-0_6495.mp4,0,0.3711,0.6552,2.8863,0.963,0.1156
265468169-0_6495.mp4,147,0.2609,0.3639,1.7523,0.6777,0.0968
265468169-0_6495.mp4,295,0.3138,0.4743,2.1938,0.7749,0.1159
265468169-0_6495.mp4,442,0.2552,0.3706,1.7642,0.7542,0.1198
265468169-0_6495.mp4,590,0.3458,0.4995,2.2795,0.7619,0.1051
266028493-2824_4268.mp4,0,0.1567,0.4713,3.748,1.0,0.1189
266028493-2824_4268.mp4,147,0.4543,0.6768,3.0226,0.7627,0.0815
266028493-2824_4268.mp4,295,0.3434,0.5182,2.3031,0.6278,0.0927
266028493-2824_4268.mp4,442,0.3074,0.5436,3.223,0.8,0.0883
266028493-2824_4268.mp4,590,0.3175,0.5292,2.0407,0.7241,0.1366
266551623-0_3677.mp4,0,0.455,0.7661,5.4778,0.9831,0.061
266551623-0_3677.mp4,147,0.3217,0.5613,2.4832,0.6083,0.0909
266551623-0_3677.mp4,295,0.2967,0.5467,2.5083,0.661,0.0912
266551623-0_3677.mp4,442,0.256,0.5929,2.8042,0.8545,0.1013
266551623-0_3677.mp4,590,0.2964,0.5863,2.7906,0.763,0.0812
267348905-0_1110.mp4,0,0.3282,0.5666,2.4278,0.7978,0.1154
267348905-0_1110.mp4,147,0.355,0.6448,3.3124,0.6693,0.0448
267348905-0_1110.mp4,295,0.3872,0.6399,2.4752,0.8531,0.1111
267348905-0_1110.mp4,442,0.2919,0.4075,1.333,0.4952,0.1183
267348905-0_1110.mp4,590,0.2134,0.2902,1.1252,0.4444,0.1307
268770022-1023_2066.mp4,0,0.1508,0.2728,2.2077,0.5958,0.0804
268770022-1023_2066.mp4,147,0.347,0.4371,2.1597,0.4088,0.0783
268770022-1023_2066.mp4,295,0.4028,0.7709,4.7916,1.0,0.0771
268770022-1023_2066.mp4,442,0.4296,0.5217,2.2349,0.6237,0.0748
268770022-1023_2066.mp4,590,0.3372,0.4806,2.0665,0.6359,0.0769
268770022-3017_4453.mp4,0,0.3111,0.7199,5.7197,0.9855,0.075
268770022-3017_4453.mp4,147,0.5773,0.8283,3.7792,0.8853,0.0689
268770022-3017_4453.mp4,295,0.3163,0.4432,1.6337,0.5072,0.0888
268770022-3017_4453.mp4,442,0.3237,0.6614,4.0335,0.9394,0.1222
268770022-3017_4453.mp4,590,0.3461,0.634,3.8614,0.9077,0.0893
268775208-0_1125.mp4,0,0.3405,0.5108,1.9326,0.7696,0.1656
268775208-0_1125.mp4,147,0.3534,0.7,4.787,0.95,0.0803
268775208-0_1125.mp4,295,0.1362,0.2508,1.468,0.9133,0.1445
268775208-0_1125.mp4,442,0.3017,0.6004,2.908,0.9655,0.1134
268775208-0_1125.mp4,590,0.426,0.722,3.5594,0.9385,0.07
269257634-991_2017.mp4,0,0.216,0.5067,2.6638,1.0,0.1222
269257634-991_2017.mp4,147,0.199,0.2798,0.8764,0.2016,0.1427
269257634-991_2017.mp4,295,0.2485,0.2234,0.7129,0.3284,0.1398
269257634-991_2017.mp4,442,0.352,0.4195,2.1352,0.4628,0.0584
269257634-991_2017.mp4,590,0.2461,0.4185,2.7089,0.7778,0.0835
271119904-0_900.mp4,0,0.352,0.6942,3.505,0.9395,0.1074
271119904-0_900.mp4,147,0.4051,0.7068,3.4477,0.912,0.0997
271119904-0_900.mp4,295,0.3714,0.6644,3.1301,0.8438,0.0877
271119904-0_900.mp4,442,0.4154,0.6608,3.7094,0.875,0.0781
271119904-0_900.mp4,590,0.3901,0.6684,2.9989,0.9375,0.1132
272468846-965_3374.mp4,0,0.2793,0.4502,1.6706,0.5619,0.0985
272468846-965_3374.mp4,147,0.1904,0.3683,1.806,0.9087,0.0909
272468846-965_3374.mp4,295,0.1963,0.4294,2.6116,0.8793,0.0925
272468846-965_3374.mp4,442,0.2091,0.4934,2.4007,0.8364,0.0916
272468846-965_3374.mp4,590,0.1832,0.4535,2.5026,0.9649,0.102
272499306-1721_2944.mp4,0,0.3578,0.4101,1.0874,0.3323,0.0956
272499306-1721_2944.mp4,147,0.3159,0.3623,0.9846,0.4615,0.132
272499306-1721_2944.mp4,295,0.3323,0.3987,1.2714,0.4353,0.114
272499306-1721_2944.mp4,442,0.2698,0.2169,0.6547,0.3498,0.1695
272499306-1721_2944.mp4,590,0.278,0.3319,0.9711,0.384,0.1276
272915557-0_1119.mp4,0,0.3687,0.6772,2.9901,0.7966,0.0754
272915557-0_1119.mp4,147,0.3702,0.5938,2.1689,0.8099,0.1071
272915557-0_1119.mp4,295,0.2001,0.3204,1.2262,0.5738,0.1629
272915557-0_1119.mp4,442,0.4018,0.7535,5.424,0.9891,0.0668
272915557-0_1119.mp4,590,0.3983,0.6827,4.4936,0.8333,0.0689
274428819-0_763.mp4,0,0.3057,0.3332,0.9073,0.3441,0.1276
274428819-0_763.mp4,147,0.3281,0.4191,1.5065,0.6022,0.1497
274428819-0_763.mp4,295,0.3202,0.3306,1.0918,0.4085,0.1135
274428819-0_763.mp4,442,0.2759,0.3,0.8433,0.3674,0.1443
274428819-0_763.mp4,590,0.2732,0.3227,1.1173,0.4876,0.138
274960127-0_993.mp4,0,0.357,0.4187,1.1512,0.3676,0.1131
274960127-0_993.mp4,147,0.46,0.6468,3.3685,0.6519,0.0667
274960127-0_993.mp4,295,0.3386,0.4657,1.4882,0.4873,0.1005
274960127-0_993.mp4,442,0.3832,0.5584,1.9006,0.7525,0.1484
274960127-0_993.mp4,590,0.4483,0.7401,4.8497,0.9104,0.0554
274960127-994_2399.mp4,0,0.3547,0.5554,2.0088,0.7132,0.1269
274960127-994_2399.mp4,147,0.2864,0.5904,3.7728,0.9118,0.11
274960127-994_2399.mp4,295,0.3288,0.6544,4.0956,0.913,0.1006
274960127-994_2399.mp4,442,0.3167,0.6088,3.7601,0.8636,0.111
274960127-994_2399.mp4,590,0.3875,0.6727,3.1407,0.8213,0.0908
275622154-0_1499.mp4,0,0.4967,0.8146,4.8714,1.0,0.074
275622154-0_1499.mp4,147,0.3069,0.5853,2.6189,0.9299,0.1019
275622154-0_1499.mp4,295,0.2296,0.4679,2.3697,0.7718,0.1124
275622154-0_1499.mp4,442,0.4325,0.7726,4.1523,0.9507,0.072
275622154-0_1499.mp4,590,0.2287,0.5721,3.9074,0.9861,0.0598
276123825-0_359.mp4,0,0.2665,0.3926,1.5966,0.7535,0.1124
276123825-0_359.mp4,102,0.3429,0.6143,2.5656,0.6818,0.0932
276123825-0_359.mp4,205,0.3691,0.6473,3.2885,0.8696,0.0866
276123825-0_359.mp4,307,0.4507,0.6443,2.8843,0.6934,0.0689
276123825-0_359.mp4,410,0.5145,0.6819,2.8762,0.7162,0.081
279231624-0_751.mp4,0,0.3308,0.5706,2.6656,0.786,0.0996
279231624-0_751.mp4,147,0.327,0.6013,2.6176,0.8603,0.1274
279231624-0_751.mp4,295,0.1647,0.3809,2.6434,0.9032,0.1129
279231624-0_751.mp4,442,0.1964,0.3793,1.7904,0.92,0.1118
279231624-0_751.mp4,590,0.3995,0.5941,2.4547,0.9433,0.0944
279620845-0_1000.mp4,0,0.3621,0.5255,1.9691,0.5606,0.0835
279620845-0_1000.mp4,147,0.2833,0.442,1.9192,0.7197,0.0958
279620845-0_1000.mp4,295,0.4527,0.7299,3.1863,0.8421,0.088
279620845-0_1000.mp4,442,0.3021,0.4943,1.8746,0.6702,0.1147
279620845-0_1000.mp4,590,0.3607,0.5977,3.1517,0.8413,0.0931
279620845-1001_1823.mp4,0,0.3449,0.6604,3.3533,0.9277,0.1077
279620845-1001_1823.mp4,147,0.4855,0.6747,2.1512,0.72,0.1102
279620845-1001_1823.mp4,295,0.3957,0.589,2.0069,0.7333,0.1035
279620845-1001_1823.mp4,442,0.3584,0.6093,2.8978,0.8,0.1137
279620845-1001_1823.mp4,590,0.2473,0.4741,2.3575,0.7737,0.0975
280017538-1989_3071.mp4,0,0.3238,0.6104,2.7038,0.9299,0.1199
280017538-1989_3071.mp4,147,0.2374,0.4216,1.5983,0.6038,0.1197
280017538-1989_3071.mp4,295,0.2818,0.4423,1.5878,0.6377,0.1593
280017538-1989_3071.mp4,442,0.3403,0.5263,2.2717,0.7396,0.1204
280017538-1989_3071.mp4,590,0.3503,0.5195,1.8357,0.7196,0.1144
280017538-4940_6247.mp4,0,0.3476,0.6787,3.331,0.9851,0.1102
280017538-4940_6247.mp4,147,0.379,0.6453,2.3459,0.8372,0.1374
280017538-4940_6247.mp4,295,0.2709,0.3753,1.2179,0.4896,0.1461
280017538-4940_6247.mp4,442,0.4387,0.7451,3.4253,0.9194,0.0959
280017538-4940_6247.mp4,590,0.3443,0.6078,2.2939,0.8387,0.1155
280486045-973_2372.mp4,0,0.382,0.6649,2.3939,0.9206,0.1606
280486045-973_2372.mp4,147,0.2586,0.3334,0.9647,0.2067,0.1152
280486045-973_2372.mp4,295,0.3609,0.5965,2.3559,0.7903,0.1124
280486045-973_2372.mp4,442,0.2457,0.2925,0.7001,0.2154,0.0886
280486045-973_2372.mp4,590,0.2557,0.4444,1.972,0.7198,0.1153
280944808-0_976.mp4,0,0.3844,0.5171,1.8974,0.6095,0.1093
280944808-0_976.mp4,147,0.3676,0.5024,1.9459,0.7566,0.1251
280944808-0_976.mp4,295,0.2126,0.5448,3.2346,1.0,0.1336
280944808-0_976.mp4,442,0.2601,0.4598,2.1312,0.8879,0.1314
280944808-0_976.mp4,590,0.349,0.6723,3.0684,0.973,0.106
281336800-1004_2640.mp4,0,0.4311,0.5261,1.5638,0.6536,0.1434
281336800-1004_2640.mp4,147,0.3985,0.4894,1.5796,0.5652,0.1187
281336800-1004_2640.mp4,295,0.3758,0.5241,2.1212,0.6154,0.084
281336800-1004_2640.mp4,442,0.3585,0.6216,2.7425,0.8687,0.1197
281336800-1004_2640.mp4,590,0.3179,0.5562,2.2387,0.7429,0.1065
281547686-0_3130.mp4,0,0.4284,0.6471,2.5801,0.8819,0.1193
281547686-0_3130.mp4,147,0.4532,0.7658,3.1845,0.9787,0.1055
281547686-0_3130.mp4,295,0.3808,0.5366,2.1193,0.5833,0.0904
281547686-0_3130.mp4,442,0.3215,0.4819,1.7254,0.4654,0.0856
281547686-0_3130.mp4,590,0.4305,0.62,2.8059,0.6239,0.0808
282364730-0_1117.mp4,0,0.3493,0.6724,3.7851,1.0,0.0795
282364730-0_1117.mp4,147,0.3567,0.6797,3.1871,0.7923,0.06
282364730-0_1117.mp4,295,0.2864,0.597,2.901,0.925,0.0812
282364730-0_1117.mp4,442,0.4125,0.7054,3.3042,0.9009,0.0746
282364730-0_1117.mp4,590,0.2887,0.5931,3.0085,0.971,0.1207
282518357-971_1969.mp4,0,0.1818,0.2965,1.1922,0.2627,0.0838
282518357-971_1969.mp4,147,0.4036,0.6141,2.3533,0.813,0.1114
282518357-971_1969.mp4,295,0.4242,0.7213,3.06,0.9167,0.1035
282518357-971_1969.mp4,442,0.3088,0.5183,2.1562,0.6935,0.119
282518357-971_1969.mp4,590,0.1914,0.2573,0.8984,0.3871,0.1457
283027449-0_791.mp4,0,0.4156,0.7084,2.8628,0.9686,0.1232
283027449-0_791.mp4,147,0.4306,0.656,2.4809,0.9379,0.1494
283027449-0_791.mp4,295,0.3051,0.4099,1.9214,0.6026,0.0919
283027449-0_791.mp4,442,0.2421,0.3626,1.6508,0.5024,0.0931
283027449-0_791.mp4,590,0.1603,0.2611,1.0901,0.481,0.1407
283451730-0_996.mp4,0,0.3317,0.6278,2.6993,0.8834,0.1066
283451730-0_996.mp4,147,0.3978,0.452,1.5578,0.4702,0.0989
283451730-0_996.mp4,295,0.4559,0.6022,2.4765,0.6516,0.0834
283451730-0_996.mp4,442,0.2588,0.4586,2.4007,0.7725,0.0881
283451730-0_996.mp4,590,0.3627,0.6869,3.2918,1.0,0.133
283451730-3092_4677.mp4,0,0.2099,0.4138,1.6692,0.6071,0.1109
283451730-3092_4677.mp4,147,0.1597,0.2106,0.8155,0.1516,0.1009
283451730-3092_4677.mp4,295,0.1784,0.447,2.9826,0.8962,0.1027
283451730-3092_4677.mp4,442,0.3285,0.5371,1.8673,0.6198,0.0913
283451730-3092_4677.mp4,590,0.2659,0.5946,5.0475,0.8978,0.0871
284517785-0_1439.mp4,0,0.3169,0.5529,2.607,0.9333,0.1066
284517785-0_1439.mp4,147,0.4372,0.6694,2.5184,0.9068,0.1296
284517785-0_1439.mp4,295,0.454,0.7243,3.4255,0.9608,0.0877
284517785-0_1439.mp4,442,0.2662,0.4989,2.4606,0.7451,0.0799
284517785-0_1439.mp4,590,0.4041,0.8037,5.7635,0.9583,0.0558
285898824-969_2466.mp4,0,0.3355,0.7105,5.8577,0.9703,0.078
285898824-969_2466.mp4,147,0.2896,0.5261,3.1902,0.8991,0.1001
285898824-969_2466.mp4,295,0.2655,0.3867,2.5767,0.6379,0.074
285898824-969_2466.mp4,442,0.0911,0.1225,0.3327,0.0536,0.0735
285898824-969_2466.mp4,590,0.2991,0.5455,3.1001,0.6105,0.0624
286109673-992_2003.mp4,0,0.3778,0.643,2.9173,0.8929,0.0918
286109673-992_2003.mp4,147,0.286,0.5516,2.7958,0.8378,0.1236
286109673-992_2003.mp4,295,0.4326,0.6129,3.9357,0.7523,0.0661
286109673-992_2003.mp4,442,0.4052,0.6955,3.6528,0.8853,0.0993
286109673-992_2003.mp4,590,0.335,0.5571,2.8043,0.7671,0.103
287911448-6379_8603.mp4,0,0.3601,0.472,1.7257,0.5582,0.0895
287911448-6379_8603.mp4,147,0.284,0.2628,0.8148,0.2978,0.0936
287911448-6379_8603.mp4,295,0.3311,0.3528,1.0803,0.3713,0.0931
287911448-6379_8603.mp4,442,0.3155,0.3805,1.2135,0.3524,0.0854
287911448-6379_8603.mp4,590,0.3441,0.457,1.6552,0.5072,0.0831
288032482-0_706.mp4,0,0.3357,0.5395,2.0064,0.8884,0.1566
288032482-0_706.mp4,147,0.3623,0.6663,3.4905,0.964,0.0957
288032482-0_706.mp4,295,0.3315,0.5253,2.209,0.6548,0.0908
288032482-0_706.mp4,442,0.247,0.579,3.3027,0.9474,0.1025
288032482-0_706.mp4,590,0.3837,0.7576,5.0636,0.9521,0.0639
289456120-2016_3687.mp4,0,0.3758,0.6384,2.7258,0.8996,0.1361
289456120-2016_3687.mp4,147,0.2692,0.3424,1.3832,0.5165,0.115
289456120-2016_3687.mp4,295,0.265,0.3763,1.4037,0.4309,0.1171
289456120-2016_3687.mp4,442,0.3529,0.6939,3.4236,1.0,0.1232
289456120-2016_3687.mp4,590,0.2558,0.4943,2.4884,0.9167,0.1096
290594963-2954_4130.mp4,0,0.3655,0.6752,5.5419,1.0,0.067
290594963-2954_4130.mp4,147,0.2505,0.5406,2.8998,1.0,0.1247
290594963-2954_4130.mp4,295,0.5229,0.8421,4.6833,0.9825,0.0635
290594963-2954_4130.mp4,442,0.3683,0.7763,5.497,1.0,0.0768
290594963-2954_4130.mp4,590,0.3349,0.6616,3.3295,1.0,0.1291
290760994-10968_12031.mp4,0,0.3881,0.6574,3.5439,0.8288,0.0997
290760994-10968_12031.mp4,147,0.4069,0.6369,3.2077,0.7733,0.082
290760994-10968_12031.mp4,295,0.3703,0.4358,1.3006,0.5135,0.1161
290760994-10968_12031.mp4,442,0.4296,0.6582,2.3662,0.6037,0.0738
290760994-10968_12031.mp4,590,0.2009,0.1873,0.6986,0.2535,0.1393
291574772-1000_2064.mp4,0,0.354,0.5533,1.9746,0.3556,0.0338
291574772-1000_2064.mp4,147,0.0848,0.0595,-0.0208,0.0246,0.0615
291574772-1000_2064.mp4,295,0.1588,0.1761,0.6885,0.0408,0.0313
291574772-1000_2064.mp4,442,0.1646,0.2172,1.1297,0.2415,0.0725
291574772-1000_2064.mp4,590,0.3875,0.6231,2.9547,0.8451,0.0827
291574772-4994_6137.mp4,0,0.3907,0.6884,3.0131,0.9304,0.1299
291574772-4994_6137.mp4,147,0.3412,0.6931,4.7958,0.9857,0.0867
291574772-4994_6137.mp4,295,0.3183,0.5589,2.7936,0.8015,0.0964
291574772-4994_6137.mp4,442,0.2774,0.4383,1.8213,0.4762,0.0788
291574772-4994_6137.mp4,590,0.3048,0.3969,1.3625,0.3858,0.0879
291730114-0_1421.mp4,0,0.3457,0.7033,3.394,0.9638,0.1326
291730114-0_1421.mp4,147,0.3604,0.5249,1.7984,0.7535,0.1436
291730114-0_1421.mp4,295,0.2673,0.5064,3.4168,0.801,0.0768
291730114-0_1421.mp4,442,0.3838,0.6149,3.1682,0.8451,0.0892
291730114-0_1421.mp4,590,0.2694,0.3272,1.0659,0.316,0.1041
293366456-0_1083.mp4,0,0.2885,0.5615,2.4634,0.8412,0.1194
293366456-0_1083.mp4,147,0.3214,0.6153,2.5089,0.9444,0.1537
293366456-0_1083.mp4,295,0.253,0.5855,2.7951,0.9836,0.1098
293366456-0_1083.mp4,442,0.1915,0.3429,1.5915,0.5801,0.1125
293366456-0_1083.mp4,590,0.3093,0.4741,1.9222,0.5585,0.0837
294617990-3985_4987.mp4,0,0.3887,0.768,4.23,0.9881,0.0465
294617990-3985_4987.mp4,147,0.3706,0.7129,3.2908,0.9787,0.1017
294617990-3985_4987.mp4,295,0.5381,0.7312,2.9602,0.8195,0.0814
294617990-3985_4987.mp4,442,0.3012,0.5872,2.9071,0.996,0.109
294617990-3985_4987.mp4,590,0.4642,0.7264,3.521,0.8675,0.0699
294831754-3020_4175.mp4,0,0.4258,0.5444,2.0962,0.7216,0.1151
294831754-3020_4175.mp4,147,0.3709,0.5132,2.084,0.6328,0.1217
294831754-3020_4175.mp4,295,0.4867,0.5778,1.6529,0.614,0.118
294831754-3020_4175.mp4,442,0.5081,0.6809,2.5119,0.684,0.0799
294831754-3020_4175.mp4,590,0.4098,0.4391,1.3053,0.3477,0.0774
295274187-0_488.mp4,0,0.1951,0.3824,2.5958,0.7647,0.0949
295274187-0_488.mp4,136,0.4327,0.6474,2.3204,0.8228,0.1004
295274187-0_488.mp4,273,0.4368,0.7076,3.7256,0.9231,0.0532
295274187-0_488.mp4,410,0.3539,0.5334,2.0626,0.5911,0.116
295274187-0_488.mp4,547,0.3498,0.5371,2.4173,0.7022,0.128
295957017-0_721.mp4,0,0.3845,0.6463,2.5814,0.9154,0.1151
295957017-0_721.mp4,147,0.4279,0.7836,3.9706,1.0,0.1012
295957017-0_721.mp4,295,0.1874,0.3425,1.7981,0.9048,0.1367
295957017-0_721.mp4,442,0.3293,0.6401,2.7672,0.9375,0.1224
295957017-0_721.mp4,590,0.3897,0.6597,3.0504,0.9355,0.0954
296862961-11099_12367.mp4,0,0.3184,0.5061,1.9078,0.8295,0.1343
296862961-11099_12367.mp4,147,0.4174,0.6096,2.4884,0.7305,0.0869
296862961-11099_12367.mp4,295,0.3953,0.5457,2.0981,0.7344,0.0917
296862961-11099_12367.mp4,442,0.297,0.5293,2.2386,0.6685,0.0946
296862961-11099_12367.mp4,590,0.3233,0.4576,1.6059,0.5556,0.1066
298349634-2019_3417.mp4,0,0.2454,0.5708,5.4483,0.95,0.0672
298349634-2019_3417.mp4,147,0.3485,0.6134,3.5055,0.8814,0.0819
298349634-2019_3417.mp4,295,0.31,0.5238,3.0457,0.8323,0.1203
298349634-2019_3417.mp4,442,0.3086,0.5279,2.0682,0.7719,0.1253
298349634-2019_3417.mp4,590,0.2797,0.6347,4.0304,0.9598,0.0999
298425619-80_906.mp4,0,0.303,0.4515,1.6354,0.582,0.1278
298425619-80_906.mp4,147,0.2653,0.5479,2.7525,0.875,0.1016
298425619-80_906.mp4,295,0.2131,0.2586,0.9123,0.1809,0.11
298425619-80_906.mp4,442,0.2285,0.1559,0.4437,0.1961,0.1077
298425619-80_906.mp4,590,0.3316,0.4812,2.0727,0.6633,0.1021
299176514-0_751.mp4,0,0.2895,0.7173,5.504,1.0,0.0889
299176514-0_751.mp4,147,0.2836,0.513,3.5147,0.8745,0.0863
299176514-0_751.mp4,295,0.2403,0.4662,2.1337,0.8082,0.0964
299176514-0_751.mp4,442,0.3299,0.6122,3.0625,0.9614,0.0917
299176514-0_751.mp4,590,0.387,0.6047,2.181,0.6812,0.1029
299444113-0_720.mp4,0,0.3943,0.7466,4.185,0.9216,0.0879
299444113-0_720.mp4,147,0.2309,0.5491,3.3917,1.0,0.1312
299444113-0_720.mp4,295,0.2793,0.4682,2.5647,0.6866,0.1088
299444113-0_720.mp4,442,0.4391,0.622,2.3551,0.7952,0.1084
299444113-0_720.mp4,590,0.348,0.5519,2.1458,0.8039,0.1468
299897145-6375_7965.mp4,0,0.3475,0.4359,2.0204,0.5457,0.0808
299897145-6375_7965.mp4,147,0.3408,0.5362,2.9625,0.7969,0.1032
299897145-6375_7965.mp4,295,0.3504,0.5886,2.9955,0.8193,0.0949
299897145-6375_7965.mp4,442,0.2623,0.5208,2.5133,0.9506,0.1356
299897145-6375_7965.mp4,590,0.2954,0.5465,2.8216,0.8987,0.1136
300399676-5000_6273.mp4,0,0.2622,0.5646,2.8171,0.8775,0.0878
300399676-5000_6273.mp4,147,0.3747,0.7039,5.4855,0.9202,0.0587
300399676-5000_6273.mp4,295,0.358,0.6147,3.9789,0.9123,0.0686
300399676-5000_6273.mp4,442,0.4258,0.6977,4.5918,0.828,0.059
300399676-5000_6273.mp4,590,0.3574,0.5385,2.2241,0.631,0.0814
301127193-0_896.mp4,0,0.2756,0.5859,3.385,0.8705,0.0776
301127193-0_896.mp4,147,0.3501,0.774,6.1841,0.9753,0.055
301127193-0_896.mp4,295,0.3993,0.6787,3.0941,0.9224,0.0993
301127193-0_896.mp4,442,0.2865,0.5832,3.9566,0.9143,0.0733
301127193-0_896.mp4,590,0.2865,0.447,1.7162,0.6765,0.1295
302210322-1999_3843.mp4,0,0.3121,0.4485,1.4048,0.6796,0.1422
302210322-1999_3843.mp4,147,0.2394,0.3816,1.85,0.6691,0.1349
302210322-1999_3843.mp4,295,0.3911,0.7243,4.7815,0.9154,0.0752
302210322-1999_3843.mp4,442,0.3715,0.6859,4.7171,0.9077,0.0683
302210322-1999_3843.mp4,590,0.3334,0.655,4.8283,0.9231,0.0716
302210322-5925_7418.mp4,0,0.346,0.559,2.1171,0.7875,0.1397
302210322-5925_7418.mp4,147,0.1764,0.3319,1.6678,0.6679,0.1368
302210322-5925_7418.mp4,295,0.2348,0.3993,1.5416,0.5498,0.1158
302210322-5925_7418.mp4,442,0.237,0.3093,1.1608,0.3415,0.126
302210322-5925_7418.mp4,590,0.3525,0.5771,2.4386,0.6974,0.1233
302387473-2985_3999.mp4,0,0.2479,0.6156,4.1128,0.9892,0.1189
302387473-2985_3999.mp4,147,0.3161,0.4847,2.5218,0.782,0.128
302387473-2985_3999.mp4,295,0.4044,0.7028,3.8389,0.819,0.0792
302387473-2985_3999.mp4,442,0.2856,0.526,2.1749,0.7525,0.1335
302387473-2985_3999.mp4,590,0.3072,0.5844,2.6262,0.7612,0.0969
304050200-0_1247.mp4,0,0.4104,0.6962,3.1926,1.0,0.097
304050200-0_1247.mp4,147,0.2604,0.6484,5.2253,1.0,0.0957
304050200-0_1247.mp4,295,0.3322,0.6516,3.7024,0.9235,0.0691
304050200-0_1247.mp4,442,0.4377,0.8,4.7558,0.9832,0.0785
304050200-0_1247.mp4,590,0.3296,0.5947,2.6535,0.9833,0.1502
305025868-0_1924.mp4,0,0.303,0.5302,2.0651,0.6169,0.106
305025868-0_1924.mp4,147,0.2681,0.2005,0.4704,0.1522,0.0905
305025868-0_1924.mp4,295,0.2545,0.2884,0.8514,0.3065,0.1174
305025868-0_1924.mp4,442,0.2535,0.2766,0.9049,0.2563,0.0917
305025868-0_1924.mp4,590,0.2081,0.2137,0.6954,0.2769,0.1097
305804367-1997_3012.mp4,0,0.3418,0.7362,4.436,0.9893,0.0806
305804367-1997_3012.mp4,147,0.4351,0.7032,3.2332,0.8261,0.0964
305804367-1997_3012.mp4,295,0.2366,0.3196,1.0337,0.4478,0.125
305804367-1997_3012.mp4,442,0.3315,0.6114,3.3602,0.8714,0.0968
305804367-1997_3012.mp4,590,0.2398,0.3279,1.0656,0.1806,0.0797
305804367-7003_8466.mp4,0,0.2326,0.3935,1.528,0.5172,0.095
305804367-7003_8466.mp4,147,0.2525,0.5806,3.2213,0.9713,0.0994
305804367-7003_8466.mp4,295,0.3244,0.6151,3.5121,0.8045,0.0825
305804367-7003_8466.mp4,442,0.3366,0.455,1.6571,0.5389,0.0898
305804367-7003_8466.mp4,590,0.2351,0.4206,1.4985,0.4655,0.101
306673773-2010_3054.mp4,0,0.354,0.6208,3.2387,0.7013,0.0771
306673773-2010_3054.mp4,147,0.4187,0.6681,3.41,0.7745,0.0704
306673773-2010_3054.mp4,295,0.4751,0.7686,3.826,0.9615,0.0816
306673773-2010_3054.mp4,442,0.2954,0.464,2.7265,0.7523,0.0868
306673773-2010_3054.mp4,590,0.3869,0.6209,4.8908,0.8756,0.0686
306673773-3055_4453.mp4,0,0.3416,0.6673,5.4759,0.9375,0.0773
306673773-3055_4453.mp4,147,0.5374,0.7419,3.2677,0.8547,0.0721
306673773-3055_4453.mp4,295,0.2677,0.3791,1.5809,0.6447,0.1099
306673773-3055_4453.mp4,442,0.3407,0.7029,4.5312,0.9412,0.1055
306673773-3055_4453.mp4,590,0.3279,0.6674,3.6959,0.9484,0.1128
307769531-0_1161.mp4,0,0.3846,0.693,3.1941,0.8885,0.0909
307769531-0_1161.mp4,147,0.5801,0.8487,4.2815,1.0,0.0824
307769531-0_1161.mp4,295,0.2853,0.5276,2.0976,0.7559,0.1427
307769531-0_1161.mp4,442,0.377,0.5808,2.1116,0.7156,0.1165
307769531-0_1161.mp4,590,0.2992,0.3858,1.3935,0.4034,0.0878
307994496-1996_3033.mp4,0,0.4292,0.7452,4.0781,0.9675,0.0982
307994496-1996_3033.mp4,147,0.3154,0.4309,1.6277,0.3831,0.0866
307994496-1996_3033.mp4,295,0.3816,0.5922,2.752,0.7897,0.103
307994496-1996_3033.mp4,442,0.3163,0.6007,2.5087,0.9677,0.1641
307994496-1996_3033.mp4,590,0.16,0.2391,0.8612,0.2487,0.1264
310434266-330_996.mp4,0,0.2947,0.4352,1.441,0.5109,0.1469
310434266-330_996.mp4,147,0.2839,0.4937,1.8647,0.5071,0.0957
310434266-330_996.mp4,295,0.25,0.3217,1.2435,0.3614,0.101
310434266-330_996.mp4,442,0.3867,0.6016,2.8344,0.681,0.0977
310434266-330_996.mp4,590,0.382,0.6378,3.6592,0.791,0.0733
310434266-997_1759.mp4,0,0.3599,0.7614,5.1673,0.9637,0.0791
310434266-997_1759.mp4,147,0.2913,0.4134,4.0756,0.7188,0.0612
310434266-997_1759.mp4,295,0.3145,0.6407,4.1691,0.9325,0.078
310434266-997_1759.mp4,442,0.3107,0.442,1.6523,0.4852,0.0855
310434266-997_1759.mp4,590,0.3512,0.4337,1.4489,0.3457,0.0752
311282786-1097_2674.mp4,0,0.2341,0.2765,0.7968,0.2602,0.11
311282786-1097_2674.mp4,147,0.2362,0.5093,3.3754,0.9531,0.0954
311282786-1097_2674.mp4,295,0.2984,0.4902,1.7306,0.5714,0.1252
311282786-1097_2674.mp4,442,0.4239,0.602,2.1777,0.5735,0.0685
311282786-1097_2674.mp4,590,0.2949,0.4963,2.2856,0.8406,0.0993
311282786-2675_4296.mp4,0,0.2481,0.5143,2.4669,0.8527,0.1047
311282786-2675_4296.mp4,147,0.2457,0.5067,2.3254,0.8125,0.0972
311282786-2675_4296.mp4,295,0.1941,0.1767,0.4731,0.2205,0.1195
311282786-2675_4296.mp4,442,0.2751,0.3015,0.9261,0.3231,0.1028
311282786-2675_4296.mp4,590,0.3598,0.7194,4.0537,0.9394,0.0706
311970652-0_1343.mp4,0,0.346,0.6933,2.8757,0.9433,0.1249
311970652-0_1343.mp4,147,0.2713,0.5412,2.6818,0.7636,0.1004
311970652-0_1343.mp4,295,0.2648,0.5358,3.836,0.7887,0.0831
311970652-0_1343.mp4,442,0.2639,0.3715,1.2831,0.4583,0.1015
311970652-0_1343.mp4,590,0.3823,0.4734,1.6061,0.5391,0.0996
312005457-125_1023.mp4,0,0.2498,0.5231,2.3172,0.8431,0.1168
312005457-125_1023.mp4,147,0.397,0.6626,2.801,0.9046,0.1085
312005457-125_1023.mp4,295,0.2799,0.5129,1.8565,0.6531,0.1108
312005457-125_1023.mp4,442,0.2808,0.5885,3.2,0.9746,0.1295
312005457-125_1023.mp4,590,0.3511,0.4896,1.7422,0.5051,0.0922
312005457-3000_4014.mp4,0,0.2739,0.59,2.9843,0.9583,0.1028
312005457-3000_4014.mp4,147,0.2402,0.4709,3.0941,0.8596,0.1047
312005457-3000_4014.mp4,295,0.2054,0.4316,2.7603,0.8889,0.1159
312005457-3000_4014.mp4,442,0.3565,0.488,2.1337,0.5272,0.0888
312005457-3000_4014.mp4,590,0.2937,0.609,3.9729,0.95,0.107
312048520-2003_2815.mp4,0,0.2689,0.6039,3.3375,0.9747,0.1068
312048520-2003_2815.mp4,147,0.6008,0.8564,4.4046,0.9688,0.0624
312048520-2003_2815.mp4,295,0.5753,0.8581,4.7769,0.9714,0.0638
312048520-2003_2815.mp4,442,0.4159,0.8084,5.9156,1.0,0.065
312048520-2003_2815.mp4,590,0.444,0.8024,5.9491,1.0,0.0592
312309391-0_1007.mp4,0,0.3874,0.6317,2.7461,0.8611,0.1128
312309391-0_1007.mp4,147,0.1665,0.3961,2.3435,0.9538,0.1089
312309391-0_1007.mp4,295,0.2862,0.3835,2.3616,0.5692,0.0837
312309391-0_1007.mp4,442,0.3552,0.6262,5.1636,0.8342,0.0546
312309391-0_1007.mp4,590,0.2899,0.4291,3.0418,0.6912,0.081
312309391-2016_3509.mp4,0,0.4127,0.7126,2.7445,0.9228,0.1308
312309391-2016_3509.mp4,147,0.3646,0.7015,2.9237,0.997,0.1333
312309391-2016_3509.mp4,295,0.2713,0.6046,2.9851,1.0,0.1248
312309391-2016_3509.mp4,442,0.3928,0.7361,2.8988,0.8876,0.0979
312309391-2016_3509.mp4,590,0.3505,0.6962,4.9687,0.9547,0.0672
312946284-0_6830.mp4,0,0.236,0.2571,0.8561,0.3438,0.1273
312946284-0_6830.mp4,147,0.1917,0.1375,0.4632,0.1705,0.1227
312946284-0_6830.mp4,295,0.176,0.1347,0.446,0.1471,0.1277
312946284-0_6830.mp4,442,0.1898,0.1194,0.3974,0.2059,0.1293
312946284-0_6830.mp4,590,0.2207,0.2137,0.6494,0.2169,0.0979
313062171-0_463.mp4,0,0.3631,0.5714,2.6628,0.8048,0.1023
313062171-0_463.mp4,106,0.2681,0.3432,1.1808,0.3377,0.0683
313062171-0_463.mp4,212,0.2188,0.2709,1.2366,0.25,0.0737
313062171-0_463.mp4,318,0.3197,0.3818,1.223,0.3108,0.0708
313062171-0_463.mp4,424,0.2575,0.3412,1.371,0.3467,0.0818
313352414-2531_4085.mp4,0,0.2157,0.6216,4.473,1.0,0.0863
313352414-2531_4085.mp4,147,0.1746,0.5519,5.3025,1.0,0.0961
313352414-2531_4085.mp4,295,0.2027,0.5599,5.067,1.0,0.0834
313352414-2531_4085.mp4,442,0.0699,0.0073,0.0132,0.0,0.1054
313352414-2531_4085.mp4,590,0.2163,0.4556,2.6609,0.9508,0.0843
313418100-120_1194.mp4,0,0.3365,0.5143,1.9258,0.6707,0.1377
313418100-120_1194.mp4,147,0.3346,0.556,2.5277,0.735,0.103
313418100-120_1194.mp4,295,0.4184,0.6202,2.4861,0.7049,0.0967
313418100-120_1194.mp4,442,0.4272,0.6259,2.1066,0.7857,0.138
313418100-120_1194.mp4,590,0.3321,0.4382,1.4634,0.2063,0.0443
313676107-0_981.mp4,0,0.2101,0.5362,3.5795,1.0,0.1068
313676107-0_981.mp4,147,0.3476,0.6722,3.5585,0.8297,0.0622
313676107-0_981.mp4,295,0.3238,0.6384,3.9121,0.7794,0.0689
313676107-0_981.mp4,442,0.3095,0.6612,3.9045,0.9857,0.0965
313676107-0_981.mp4,590,0.4599,0.7556,3.3443,0.9856,0.0945
313676107-2003_2997.mp4,0,0.2475,0.5097,2.6211,0.9291,0.1064
313676107-2003_2997.mp4,147,0.2728,0.4413,1.5626,0.4336,0.1068
313676107-2003_2997.mp4,295,0.3097,0.4047,1.2302,0.2477,0.0876
313676107-2003_2997.mp4,442,0.3677,0.631,3.0588,0.7895,0.0816
313676107-2003_2997.mp4,590,0.4031,0.5909,2.8932,0.7803,0.0799
314086111-0_722.mp4,0,0.4915,0.7112,2.696,0.8097,0.0994
314086111-0_722.mp4,147,0.3533,0.6918,3.6744,0.9239,0.0731
314086111-0_722.mp4,295,0.2643,0.3846,1.3552,0.3739,0.0735
314086111-0_722.mp4,442,0.3666,0.604,2.0089,0.6351,0.1153
314086111-0_722.mp4,590,0.3462,0.5495,1.9473,0.7067,0.1116
314415179-0_1125.mp4,0,0.3216,0.5723,2.8052,0.7797,0.1058
314415179-0_1125.mp4,147,0.5119,0.6463,1.9823,0.7237,0.125
314415179-0_1125.mp4,295,0.4252,0.6025,1.9295,0.5826,0.0895
314415179-0_1125.mp4,442,0.3641,0.4942,1.6438,0.7722,0.134
314415179-0_1125.mp4,590,0.3257,0.4622,1.5001,0.5325,0.125
314685037-0_1859.mp4,0,0.3223,0.6866,3.3868,0.9688,0.0754
314685037-0_1859.mp4,147,0.1948,0.2792,1.1824,0.3477,0.1293
314685037-0_1859.mp4,295,0.2807,0.5215,2.1658,0.8447,0.1278
314685037-0_1859.mp4,442,0.1429,0.1388,0.1158,0.1218,0.1038
314685037-0_1859.mp4,590,0.2368,0.42,1.879,0.799,0.1344
316215196-1002_2024.mp4,0,0.2556,0.4297,1.9666,0.7865,0.1243
316215196-1002_2024.mp4,147,0.3022,0.5039,2.6147,0.8207,0.1019
316215196-1002_2024.mp4,295,0.2104,0.3741,1.7765,0.5957,0.1123
316215196-1002_2024.mp4,442,0.3313,0.5341,2.1194,0.7347,0.1148
316215196-1002_2024.mp4,590,0.2151,0.4922,2.9623,0.898,0.1382
316215196-250_1001.mp4,0,0.3138,0.608,2.2176,0.8759,0.136
316215196-250_1001.mp4,147,0.2944,0.4209,1.4379,0.4583,0.1138
316215196-250_1001.mp4,295,0.3728,0.5519,2.2655,0.7792,0.1316
316215196-250_1001.mp4,442,0.366,0.5777,2.1376,0.6108,0.0789
316215196-250_1001.mp4,590,0.3625,0.5352,1.7966,0.6,0.103
316391740-0_1021.mp4,0,0.5286,0.7028,3.1734,0.8365,0.0784
316391740-0_1021.mp4,147,0.4417,0.7136,4.7679,0.94,0.0713
316391740-0_1021.mp4,295,0.323,0.5622,3.0635,0.7763,0.065
316391740-0_1021.mp4,442,0.4424,0.754,4.8629,0.9383,0.07
316391740-0_1021.mp4,590,0.3223,0.5465,2.21,0.9289,0.1634
328968327-0_63719.mp4,0,0.3891,0.7064,3.7961,1.0,0.1114
328968327-0_63719.mp4,147,0.3749,0.6315,3.0163,0.9194,0.1267
328968327-0_63719.mp4,295,0.3472,0.6133,2.4669,0.9146,0.1322
328968327-0_63719.mp4,442,0.3245,0.5702,2.4062,0.7764,0.1173
328968327-0_63719.mp4,590,0.3314,0.6478,3.2613,0.9367,0.1196
333376506-0_499.mp4,0,0.3913,0.4791,1.3423,0.4104,0.0927
333376506-0_499.mp4,140,0.3544,0.4598,1.4544,0.4141,0.0968
333376506-0_499.mp4,280,0.3875,0.5568,2.0552,0.6617,0.1171
333376506-0_499.mp4,420,0.3484,0.6163,2.7647,0.8529,0.1077
333376506-0_499.mp4,560,0.5453,0.8134,4.1049,0.9545,0.0662
333755674-0_749.mp4,0,0.4305,0.6661,3.1816,0.8945,0.0885
333755674-0_749.mp4,147,0.3246,0.4408,1.7963,0.6023,0.1519
333755674-0_749.mp4,295,0.3005,0.3896,1.4131,0.5156,0.1278
333755674-0_749.mp4,442,0.3475,0.466,1.5625,0.5104,0.1112
333755674-0_749.mp4,590,0.4059,0.555,1.9649,0.7323,0.1285
334118804-0_995.mp4,0,0.4056,0.74,3.9082,0.9824,0.1007
334118804-0_995.mp4,147,0.2818,0.5997,3.448,0.9398,0.1173
334118804-0_995.mp4,295,0.3224,0.4893,1.8746,0.5732,0.0852
334118804-0_995.mp4,442,0.2553,0.4755,2.7492,0.7484,0.1037
334118804-0_995.mp4,590,0.2527,0.4047,1.8449,0.7862,0.1204
334118804-996_1958.mp4,0,0.2042,0.3609,1.526,0.6375,0.102
334118804-996_1958.mp4,147,0.1703,0.2161,0.6043,0.1772,0.121
334118804-996_1958.mp4,295,0.4317,0.6794,2.6837,0.7759,0.102
334118804-996_1958.mp4,442,0.1042,0.0925,0.3742,0.1379,0.1451
334118804-996_1958.mp4,590,0.3862,0.7228,3.5231,0.9425,0.1045
347547212-0_1065.mp4,0,0.3998,0.714,2.9851,0.9492,0.1234
347547212-0_1065.mp4,147,0.5043,0.7935,4.6968,0.8702,0.0667
347547212-0_1065.mp4,295,0.2157,0.2563,0.8095,0.2613,0.0964
347547212-0_1065.mp4,442,0.2184,0.3534,1.7863,0.6111,0.1173
347547212-0_1065.mp4,590,0.4435,0.7783,4.0651,0.973,0.1067
347547212-1066_2083.mp4,0,0.2938,0.7051,4.03,0.886,0.0659
347547212-1066_2083.mp4,147,0.2671,0.2525,0.5019,0.1304,0.0893
347547212-1066_2083.mp4,295,0.3011,0.4183,1.285,0.4009,0.1032
347547212-1066_2083.mp4,442,0.3336,0.4073,1.6108,0.5305,0.107
347547212-1066_2083.mp4,590,0.3607,0.5715,2.2493,0.831,0.1418
351063905-1939_3112.mp4,0,0.3281,0.6888,6.6144,0.9127,0.0455
351063905-1939_3112.mp4,147,0.3155,0.703,6.5063,0.9717,0.0569
351063905-1939_3112.mp4,295,0.4163,0.7176,3.6769,0.9091,0.0832
351063905-1939_3112.mp4,442,0.3713,0.6009,5.1222,0.8012,0.056
351063905-1939_3112.mp4,590,0.2891,0.6232,6.1357,0.9245,0.0546
356526327-3927_5654.mp4,0,0.2529,0.5677,4.2364,0.8632,0.0714
356526327-3927_5654.mp4,147,0.2831,0.4613,4.0384,0.6724,0.069
356526327-3927_5654.mp4,295,0.312,0.4191,1.5002,0.4237,0.0802
356526327-3927_5654.mp4,442,0.3071,0.7552,5.7807,0.9727,0.0676
356526327-3927_5654.mp4,590,0.2546,0.5931,5.1163,0.8793,0.0661
363556190-1007_2011.mp4,0,0.3284,0.6793,3.095,1.0,0.1145
363556190-1007_2011.mp4,147,0.3107,0.4573,1.9392,0.5866,0.1057
363556190-1007_2011.mp4,295,0.2909,0.5055,2.6218,0.9087,0.0863
363556190-1007_2011.mp4,442,0.2608,0.4235,1.8343,0.6491,0.0976
363556190-1007_2011.mp4,590,0.4399,0.6789,2.3848,0.7906,0.1092
377091108-0_1024.mp4,0,0.3866,0.6678,3.3252,0.8854,0.0925
377091108-0_1024.mp4,147,0.3484,0.4589,1.4961,0.5753,0.1351
377091108-0_1024.mp4,295,0.3799,0.699,3.9778,0.9624,0.0776
377091108-0_1024.mp4,442,0.3287,0.3616,1.0526,0.417,0.139
377091108-0_1024.mp4,590,0.3893,0.5548,2.3991,0.7028,0.117
378692944-4024_5288.mp4,0,0.1819,0.2844,1.2406,0.4612,0.1245
378692944-4024_5288.mp4,147,0.2248,0.4395,2.4518,0.8426,0.1231
378692944-4024_5288.mp4,295,0.3729,0.7086,3.9949,0.9595,0.0986
378692944-4024_5288.mp4,442,0.3391,0.6218,3.4425,0.8824,0.0835
378692944-4024_5288.mp4,590,0.2307,0.5158,3.5576,0.9357,0.0621
382699874-1995_3065.mp4,0,0.261,0.5185,2.751,0.9254,0.1006
382699874-1995_3065.mp4,147,0.3413,0.7151,4.661,1.0,0.0998
382699874-1995_3065.mp4,295,0.3021,0.6689,4.2898,0.9649,0.0919
382699874-1995_3065.mp4,442,0.289,0.6498,3.8309,1.0,0.1085
382699874-1995_3065.mp4,590,0.3713,0.6653,4.0282,0.9138,0.07
384153149-0_1499.mp4,0,0.2354,0.6705,5.4555,1.0,0.09
384153149-0_1499.mp4,147,0.3994,0.6076,2.3104,0.7993,0.1194
384153149-0_1499.mp4,295,0.3148,0.5422,2.4072,0.9082,0.1423
384153149-0_1499.mp4,442,0.362,0.6754,3.2388,0.8424,0.1024
384153149-0_1499.mp4,590,0.2651,0.3324,1.0144,0.327,0.0935
388898805-0_922.mp4,0,0.3205,0.4805,1.6959,0.5,0.1161
388898805-0_922.mp4,147,0.2698,0.3277,1.3213,0.5307,0.1301
388898805-0_922.mp4,295,0.2897,0.4139,1.6244,0.6609,0.1271
388898805-0_922.mp4,442,0.2148,0.2369,1.1393,0.4826,0.0935
388898805-0_922.mp4,590,0.2507,0.4121,1.8038,0.72,0.1143
393603541-1967_3165.mp4,0,0.431,0.8012,4.6567,1.0,0.0961
393603541-1967_3165.mp4,147,0.228,0.5866,5.1914,1.0,0.0802
393603541-1967_3165.mp4,295,0.2545,0.5904,4.878,1.0,0.0874
393603541-1967_3165.mp4,442,0.455,0.7873,4.7028,0.9863,0.0705
393603541-1967_3165.mp4,590,0.1673,0.5164,4.8808,1.0,0.0853
395243293-0_899.mp4,0,0.3919,0.6073,2.3131,0.6875,0.0922
395243293-0_899.mp4,147,0.3931,0.6378,2.066,0.7819,0.1235
395243293-0_899.mp4,295,0.3362,0.5562,2.3292,0.8137,0.1387
395243293-0_899.mp4,442,0.3729,0.6403,2.3086,0.8174,0.1019
395243293-0_899.mp4,590,0.2342,0.4927,2.5682,0.8063,0.0887
397220700-0_500.mp4,0,0.2645,0.3818,1.3164,0.5357,0.1213
397220700-0_500.mp4,140,0.3058,0.6342,3.2123,1.0,0.1017
397220700-0_500.mp4,280,0.4439,0.7564,3.7742,0.9848,0.0923
397220700-0_500.mp4,420,0.4282,0.7603,4.2613,0.928,0.0949
397220700-0_500.mp4,561,0.5369,0.7799,3.4353,0.9677,0.0894
398939118-2719_4668.mp4,0,0.1776,0.235,0.7957,0.1674,0.1212
398939118-2719_4668.mp4,147,0.2686,0.2483,0.7116,0.3145,0.101
398939118-2719_4668.mp4,295,0.3198,0.4991,2.1606,0.7514,0.1364
398939118-2719_4668.mp4,442,0.1843,0.1042,0.275,0.1755,0.1269
398939118-2719_4668.mp4,590,0.2052,0.1473,0.4032,0.1613,0.0901
402179724-2998_4039.mp4,0,0.2942,0.6031,3.0458,0.9508,0.0935
402179724-2998_4039.mp4,147,0.3435,0.4936,1.3531,0.5254,0.1431
402179724-2998_4039.mp4,295,0.3692,0.5257,2.1806,0.6422,0.0997
402179724-2998_4039.mp4,442,0.3148,0.6708,3.4699,0.9247,0.1193
402179724-2998_4039.mp4,590,0.3507,0.7095,3.5993,0.9536,0.1042
402179724-4986_6070.mp4,0,0.3277,0.6102,2.7882,0.9403,0.1114
402179724-4986_6070.mp4,147,0.224,0.4101,2.9001,0.6237,0.0968
402179724-4986_6070.mp4,295,0.2266,0.3606,1.1209,0.2775,0.096
402179724-4986_6070.mp4,442,0.2395,0.2745,0.9716,0.2637,0.0692
402179724-4986_6070.mp4,590,0.2348,0.245,0.8599,0.1791,0.0645
402385738-0_871.mp4,0,0.3012,0.3765,1.2512,0.2879,0.0704
402385738-0_871.mp4,147,0.262,0.6082,2.9735,1.0,0.1476
402385738-0_871.mp4,295,0.2242,0.613,3.6316,1.0,0.1233
402385738-0_871.mp4,442,0.2297,0.6088,4.2294,1.0,0.107
402385738-0_871.mp4,590,0.3378,0.7481,4.6035,1.0,0.0878
407183299-0_943.mp4,0,0.287,0.6076,3.7081,0.9179,0.0849
407183299-0_943.mp4,147,0.3603,0.4806,1.6896,0.5326,0.0974
407183299-0_943.mp4,295,0.2826,0.3219,0.9637,0.3578,0.1257
407183299-0_943.mp4,442,0.3732,0.5153,1.6824,0.5802,0.1165
407183299-0_943.mp4,590,0.4289,0.6778,3.5427,0.7847,0.0723
416352813-0_999.mp4,0,0.2652,0.4799,2.2688,0.8646,0.0989
416352813-0_999.mp4,147,0.4154,0.7859,5.8249,1.0,0.0684
416352813-0_999.mp4,295,0.2089,0.4244,2.6259,0.8914,0.0937
416352813-0_999.mp4,442,0.437,0.6277,2.9961,0.7555,0.0847
416352813-0_999.mp4,590,0.4073,0.617,2.672,0.9067,0.1095
418683323-20_603.mp4,0,0.2964,0.52,2.3199,0.7902,0.1036
418683323-20_603.mp4,147,0.3766,0.6248,2.6473,0.8333,0.0841
418683323-20_603.mp4,295,0.2712,0.5828,3.1985,0.9809,0.1076
418683323-20_603.mp4,442,0.3947,0.581,2.3557,0.8095,0.1214
418683323-20_603.mp4,590,0.4989,0.6908,3.4813,0.8765,0.0681
424784529-0_2369.mp4,0,0.3163,0.5088,1.7367,0.7188,0.1439
424784529-0_2369.mp4,147,0.3924,0.504,1.6027,0.5777,0.1333
424784529-0_2369.mp4,295,0.3651,0.5162,1.8429,0.75,0.1418
424784529-0_2369.mp4,442,0.2794,0.3023,0.9401,0.2922,0.1228
424784529-0_2369.mp4,590,0.2762,0.3793,1.3165,0.5117,0.1215
425298445-0_949.mp4,0,0.3772,0.5655,3.1145,0.7756,0.095
425298445-0_949.mp4,147,0.2715,0.5444,3.0179,0.7662,0.1072
425298445-0_949.mp4,295,0.3837,0.6724,3.015,0.7797,0.0645
425298445-0_949.mp4,442,0.3543,0.7405,4.4751,0.9211,0.0709
425298445-0_949.mp4,590,0.3004,0.4932,2.0718,0.8036,0.1109
426154742-0_848.mp4,0,0.2505,0.4644,2.4707,0.5833,0.077
426154742-0_848.mp4,147,0.179,0.4267,3.169,0.8396,0.0768
426154742-0_848.mp4,295,0.1757,0.2025,0.705,0.1698,0.1015
426154742-0_848.mp4,442,0.3431,0.6316,3.0622,0.7233,0.0723
426154742-0_848.mp4,590,0.3316,0.4557,1.7445,0.5697,0.1052
428646734-0_719.mp4,0,0.3796,0.6249,2.3488,0.8702,0.1362
428646734-0_719.mp4,147,0.1184,0.0724,0.0067,0.0882,0.0791
428646734-0_719.mp4,295,0.2882,0.5475,4.0946,0.7206,0.0488
428646734-0_719.mp4,442,0.2333,0.3007,0.748,0.3218,0.118
428646734-0_719.mp4,590,0.199,0.271,1.5316,0.4429,0.0812
431841390-2499_3920.mp4,0,0.3863,0.6508,3.3381,0.8388,0.0832
431841390-2499_3920.mp4,147,0.4077,0.5998,2.5733,0.6796,0.0856
431841390-2499_3920.mp4,295,0.3639,0.6464,3.107,0.8818,0.1118
431841390-2499_3920.mp4,442,0.3771,0.5982,2.9419,0.7857,0.0879
431841390-2499_3920.mp4,590,0.3819,0.6262,2.9507,0.8065,0.0938
432959814-0_1439.mp4,0,0.3227,0.4299,1.3584,0.6286,0.1241
432959814-0_1439.mp4,147,0.2565,0.2284,0.6753,0.2231,0.1037
432959814-0_1439.mp4,295,0.275,0.2332,0.6988,0.2289,0.0991
432959814-0_1439.mp4,442,0.0767,0.1304,0.8743,0.043,0.1188
432959814-0_1439.mp4,590,0.3017,0.3857,1.2067,0.377,0.1191
434130197-0_359.mp4,0,0.3749,0.6935,3.6797,0.7967,0.05
434130197-0_359.mp4,102,0.3897,0.65,3.6307,0.8048,0.0974
434130197-0_359.mp4,205,0.4782,0.6463,2.0277,0.5342,0.0807
434130197-0_359.mp4,307,0.4684,0.6742,3.4086,0.7595,0.0768
434130197-0_359.mp4,410,0.3587,0.4277,1.3939,0.3248,0.0708
437114431-1998_3035.mp4,0,0.4258,0.7016,3.1387,0.8667,0.103
437114431-1998_3035.mp4,147,0.3076,0.6206,2.6915,0.9864,0.1478
437114431-1998_3035.mp4,295,0.5635,0.7511,2.8527,0.844,0.0959
437114431-1998_3035.mp4,442,0.3197,0.4678,1.8242,0.6398,0.121
437114431-1998_3035.mp4,590,0.4186,0.6264,2.4222,0.9144,0.1348
437804947-0_1651.mp4,0,0.4109,0.6128,2.1732,0.7659,0.1061
437804947-0_1651.mp4,147,0.1708,0.2875,1.1049,0.4055,0.1129
437804947-0_1651.mp4,295,0.1541,0.401,2.2661,0.7231,0.1057
437804947-0_1651.mp4,442,0.2546,0.3372,1.1106,0.4729,0.1442
437804947-0_1651.mp4,590,0.2935,0.4988,1.974,0.5714,0.0837
439791653-4755_5935.mp4,0,0.2335,0.3003,0.9807,0.1152,0.0785
439791653-4755_5935.mp4,147,0.2588,0.3429,1.5059,0.1825,0.0672
439791653-4755_5935.mp4,295,0.3886,0.6439,3.8631,0.8308,0.0647
439791653-4755_5935.mp4,442,0.219,0.2847,1.4426,0.5,0.0835
439791653-4755_5935.mp4,590,0.1948,0.2013,0.9256,0.2115,0.057
440729637-0_4115.mp4,0,0.4243,0.7712,5.8687,0.951,0.0511
440729637-0_4115.mp4,147,0.3382,0.6268,5.5411,0.7983,0.0495
440729637-0_4115.mp4,295,0.3977,0.7014,5.8809,0.871,0.0488
440729637-0_4115.mp4,442,0.3747,0.6839,5.9696,0.9006,0.0537
440729637-0_4115.mp4,590,0.3795,0.7442,6.5446,0.9286,0.0467
443838182-24_1037.mp4,0,0.4199,0.7373,3.0864,0.8914,0.0823
443838182-24_1037.mp4,147,0.3255,0.6248,2.2075,0.7641,0.1239
443838182-24_1037.mp4,295,0.4043,0.5958,2.1469,0.7717,0.1125
443838182-24_1037.mp4,442,0.3333,0.5717,2.3675,0.8973,0.1363
443838182-24_1037.mp4,590,0.2966,0.4942,2.0288,0.7917,0.1152
446338195-3002_4499.mp4,0,0.3901,0.607,2.6728,0.8514,0.1113
446338195-3002_4499.mp4,147,0.3094,0.6764,4.9135,0.9363,0.0786
446338195-3002_4499.mp4,295,0.355,0.6417,2.8327,0.9095,0.1085
446338195-3002_4499.mp4,442,0.4348,0.7872,5.1968,0.9718,0.0649
446338195-3002_4499.mp4,590,0.3673,0.5467,2.1599,0.5429,0.0791
449288247-0_739.mp4,0,0.4116,0.5852,2.0152,0.6405,0.1133
449288247-0_739.mp4,147,0.3763,0.5799,2.1379,0.8412,0.1321
449288247-0_739.mp4,295,0.4349,0.5768,2.1927,0.6417,0.0905
449288247-0_739.mp4,442,0.3912,0.7121,2.8587,0.9313,0.1159
449288247-0_739.mp4,590,0.3845,0.4422,1.54,0.3251,0.0659
458532256-0_988.mp4,0,0.4138,0.7553,4.0102,0.9968,0.1061
458532256-0_988.mp4,147,0.2647,0.3007,0.8522,0.3065,0.1042
458532256-0_988.mp4,295,0.33,0.3778,0.9973,0.4102,0.1456
458532256-0_988.mp4,442,0.3347,0.4024,1.1203,0.2984,0.1079
458532256-0_988.mp4,590,0.2814,0.4808,1.7255,0.5432,0.1084
463899327-12749_31919.mp4,0,0.4145,0.6174,2.3836,0.6333,0.0907
463899327-12749_31919.mp4,147,0.2807,0.2824,0.7662,0.2821,0.1123
463899327-12749_31919.mp4,295,0.2375,0.2615,0.8238,0.2255,0.0966
463899327-12749_31919.mp4,442,0.2264,0.2281,0.8549,0.2183,0.0788
463899327-12749_31919.mp4,590,0.2468,0.2531,0.8113,0.2029,0.0923
463949007-0_1052.mp4,0,0.3138,0.5898,3.689,0.8945,0.0623
463949007-0_1052.mp4,147,0.3478,0.4231,2.0328,0.4667,0.0663
463949007-0_1052.mp4,295,0.3774,0.5005,2.1796,0.3865,0.0588
463949007-0_1052.mp4,442,0.2965,0.3465,1.1956,0.6011,0.1713
463949007-0_1052.mp4,590,0.3755,0.4991,1.8515,0.4293,0.0802
463997991-0_1664.mp4,0,0.3667,0.5296,2.1031,0.5373,0.0937
463997991-0_1664.mp4,147,0.3879,0.4887,1.7079,0.4652,0.0668
463997991-0_1664.mp4,295,0.2589,0.3753,2.9492,0.6029,0.0796
463997991-0_1664.mp4,442,0.3065,0.4349,1.7852,0.5775,0.1009
463997991-0_1664.mp4,590,0.3188,0.6382,4.3025,0.8817,0.0825
464266616-3027_4048.mp4,0,0.3455,0.4014,1.3134,0.505,0.149
464266616-3027_4048.mp4,147,0.3466,0.4131,1.3207,0.4967,0.1507
464266616-3027_4048.mp4,295,0.2629,0.1904,0.51,0.1781,0.0961
464266616-3027_4048.mp4,442,0.3856,0.5012,1.7029,0.6275,0.13
464266616-3027_4048.mp4,590,0.3631,0.4978,1.6185,0.5857,0.1276
475833524-0_1462.mp4,0,0.2477,0.6393,4.9372,1.0,0.1042
475833524-0_1462.mp4,147,0.3563,0.5553,2.0909,0.6031,0.0794
475833524-0_1462.mp4,295,0.186,0.4894,4.3214,0.974,0.1094
475833524-0_1462.mp4,442,0.3106,0.4696,1.6283,0.4497,0.0938
475833524-0_1462.mp4,590,0.1484,0.1093,0.4132,0.1111,0.0953
479893155-5015_6300.mp4,0,0.3754,0.5726,1.8355,0.7172,0.1404
479893155-5015_6300.mp4,147,0.3512,0.437,1.2483,0.6389,0.1849
479893155-5015_6300.mp4,295,0.3278,0.426,2.011,0.4133,0.0507
479893155-5015_6300.mp4,442,0.4156,0.5598,2.436,0.6533,0.086
479893155-5015_6300.mp4,590,0.3526,0.5175,1.7899,0.6624,0.1379
481939414-0_1336.mp4,0,0.4062,0.6412,2.4364,0.7577,0.0964
481939414-0_1336.mp4,147,0.3686,0.423,1.3389,0.5099,0.0986
481939414-0_1336.mp4,295,0.2946,0.42,1.4919,0.5027,0.1132
481939414-0_1336.mp4,442,0.3816,0.5663,2.2921,0.8547,0.1236
481939414-0_1336.mp4,590,0.3487,0.5785,2.4853,0.9,0.124
487388943-2944_4071.mp4,0,0.2906,0.4715,1.7939,0.2147,0.0154
487388943-2944_4071.mp4,147,0.3574,0.4734,1.5372,0.1124,0.043
487388943-2944_4071.mp4,295,0.3631,0.4583,1.1883,0.3089,0.0934
487388943-2944_4071.mp4,442,0.381,0.6055,2.0339,0.506,0.0716
487388943-2944_4071.mp4,590,0.4026,0.5782,1.9146,0.6073,0.0993
487882142-0_833.mp4,0,0.285,0.4023,1.4163,0.5259,0.1158
487882142-0_833.mp4,147,0.2722,0.2909,0.8983,0.2346,0.0987
487882142-0_833.mp4,295,0.2776,0.3432,1.3616,0.3567,0.075
487882142-0_833.mp4,442,0.1988,0.1386,0.3936,0.1751,0.0803
487882142-0_833.mp4,590,0.2595,0.328,1.2214,0.2825,0.0544
490042038-0_1300.mp4,0,0.2928,0.608,2.9013,0.9289,0.1059
490042038-0_1300.mp4,147,0.2934,0.5066,2.9339,0.8265,0.1121
490042038-0_1300.mp4,295,0.2886,0.4046,1.596,0.5596,0.1261
490042038-0_1300.mp4,442,0.2446,0.413,1.9591,0.5263,0.0803
490042038-0_1300.mp4,590,0.3229,0.6237,2.9927,0.8012,0.0904
493774532-1019_2113.mp4,0,0.3701,0.6418,3.3856,0.9116,0.0904
493774532-1019_2113.mp4,147,0.2642,0.3578,1.5293,0.4757,0.1046
493774532-1019_2113.mp4,295,0.3398,0.4032,1.5355,0.3578,0.0837
493774532-1019_2113.mp4,442,0.4082,0.6496,4.084,0.8116,0.0797
493774532-1019_2113.mp4,590,0.275,0.623,4.5262,0.9692,0.0958
497683816-0_1415.mp4,0,0.4232,0.6832,3.7774,0.916,0.0839
497683816-0_1415.mp4,147,0.404,0.7235,3.3849,0.9375,0.0975
497683816-0_1415.mp4,295,0.277,0.317,1.1799,0.3333,0.0953
497683816-0_1415.mp4,442,0.4001,0.5045,1.9794,0.6324,0.1017
497683816-0_1415.mp4,590,0.3714,0.5511,2.0947,0.6617,0.1049
498516073-1018_2663.mp4,0,0.3582,0.6484,2.8232,0.7339,0.0639
498516073-1018_2663.mp4,147,0.2873,0.6709,5.8959,0.9442,0.0708
498516073-1018_2663.mp4,295,0.3059,0.5013,2.4433,0.6328,0.0754
498516073-1018_2663.mp4,442,0.307,0.6202,5.4033,0.9017,0.0718
498516073-1018_2663.mp4,590,0.2534,0.3538,1.2099,0.4426,0.1306
504984585-4148_5376.mp4,0,0.3211,0.6151,3.6673,0.875,0.097
504984585-4148_5376.mp4,147,0.3277,0.4516,2.1251,0.5507,0.0878
504984585-4148_5376.mp4,295,0.302,0.3834,1.3494,0.408,0.1001
504984585-4148_5376.mp4,442,0.3578,0.538,1.965,0.7055,0.1174
504984585-4148_5376.mp4,590,0.2261,0.233,0.7139,0.2632,0.0969
505416446-1033_2034.mp4,0,0.2611,0.3674,1.4171,0.5943,0.1408
505416446-1033_2034.mp4,147,0.4132,0.7619,4.7589,1.0,0.0768
505416446-1033_2034.mp4,295,0.4033,0.7129,2.7003,0.9126,0.1207
505416446-1033_2034.mp4,442,0.2967,0.4963,1.8492,0.5233,0.0857
505416446-1033_2034.mp4,590,0.2465,0.469,2.0376,0.8361,0.1003
509362329-0_3239.mp4,0,0.2265,0.4159,1.8696,0.7567,0.1269
509362329-0_3239.mp4,147,0.2107,0.2737,0.9918,0.25,0.1118
509362329-0_3239.mp4,295,0.2583,0.374,1.7133,0.5066,0.1074
509362329-0_3239.mp4,442,0.2038,0.2444,0.6885,0.185,0.1068
509362329-0_3239.mp4,590,0.2193,0.2723,1.2583,0.5443,0.1201
510782123-0_751.mp4,0,0.357,0.7554,3.9884,0.9974,0.0918
510782123-0_751.mp4,147,0.3039,0.4283,1.3788,0.6771,0.1599
510782123-0_751.mp4,295,0.4055,0.6267,2.7956,0.7426,0.0986
510782123-0_751.mp4,442,0.4703,0.712,3.0948,0.8201,0.0788
510782123-0_751.mp4,590,0.4006,0.5909,1.9802,0.5556,0.0879
511419561-0_2789.mp4,0,0.3158,0.4024,1.3486,0.5036,0.1385
511419561-0_2789.mp4,147,0.2593,0.2438,0.9234,0.4658,0.1336
511419561-0_2789.mp4,295,0.3073,0.3803,1.2655,0.5,0.1339
511419561-0_2789.mp4,442,0.2224,0.1699,0.4467,0.1776,0.0923
511419561-0_2789.mp4,590,0.242,0.2183,0.643,0.2162,0.096
513014838-13040_14918.mp4,0,0.2723,0.5688,3.6672,0.9042,0.0737
513014838-13040_14918.mp4,147,0.3537,0.4626,2.7794,0.5304,0.0653
513014838-13040_14918.mp4,295,0.3459,0.5328,3.4673,0.6667,0.0464
513014838-13040_14918.mp4,442,0.346,0.5038,3.0277,0.6154,0.0638
513014838-13040_14918.mp4,590,0.2539,0.3375,1.2429,0.2424,0.0844
517632896-1982_3254.mp4,0,0.5093,0.6873,2.6794,0.75,0.0829
517632896-1982_3254.mp4,147,0.3938,0.579,2.3394,0.75,0.0901
517632896-1982_3254.mp4,295,0.4169,0.6838,3.944,0.971,0.0795
517632896-1982_3254.mp4,442,0.3176,0.6198,4.1095,0.8923,0.0808
517632896-1982_3254.mp4,590,0.4302,0.6685,2.8516,0.8792,0.0815
521112732-983_1981.mp4,0,0.3892,0.7196,6.0468,0.9745,0.061
521112732-983_1981.mp4,147,0.3022,0.6908,5.4749,0.9833,0.0623
521112732-983_1981.mp4,295,0.3515,0.6691,3.964,0.9781,0.0775
521112732-983_1981.mp4,442,0.4041,0.7398,4.0184,0.9471,0.0596
521112732-983_1981.mp4,590,0.4147,0.7344,4.2902,0.8232,0.0592
522555578-0_1431.mp4,0,0.3234,0.6267,3.226,0.9559,0.0965
522555578-0_1431.mp4,147,0.3386,0.4815,2.0531,0.5274,0.0841
522555578-0_1431.mp4,295,0.3574,0.4986,1.8719,0.6234,0.114
522555578-0_1431.mp4,442,0.3978,0.5983,2.2453,0.7867,0.1388
522555578-0_1431.mp4,590,0.2806,0.2976,0.9319,0.2321,0.1144
523957501-997_2001.mp4,0,0.2921,0.5296,3.0735,0.9068,0.1302
523957501-997_2001.mp4,147,0.2981,0.4385,1.9966,0.7284,0.1279
523957501-997_2001.mp4,295,0.39,0.6831,4.7264,0.9508,0.0646
523957501-997_2001.mp4,442,0.2703,0.4544,3.8261,0.76,0.1094
523957501-997_2001.mp4,590,0.3586,0.5208,2.0804,0.55,0.0814
524201744-0_1015.mp4,0,0.1778,0.405,2.4148,0.8339,0.1162
524201744-0_1015.mp4,147,0.4171,0.5865,2.2482,0.7604,0.13
524201744-0_1015.mp4,295,0.3381,0.6754,3.7823,0.8927,0.0767
524201744-0_1015.mp4,442,0.1942,0.1195,0.2777,0.1486,0.0898
524201744-0_1015.mp4,590,0.3886,0.5845,2.0402,0.6111,0.1207
524900260-40_734.mp4,0,0.1879,0.2573,1.0333,0.4199,0.1126
524900260-40_734.mp4,147,0.2821,0.4137,1.623,0.4609,0.083
524900260-40_734.mp4,295,0.2469,0.362,1.3526,0.6012,0.1448
524900260-40_734.mp4,442,0.3495,0.4023,1.4021,0.5191,0.1157
524900260-40_734.mp4,590,0.4157,0.7206,4.344,0.8966,0.0656
528945865-1899_3865.mp4,0,0.4117,0.6293,2.722,0.8966,0.0978
528945865-1899_3865.mp4,147,0.3237,0.48,1.6898,0.5902,0.1331
528945865-1899_3865.mp4,295,0.2401,0.4302,2.6332,0.809,0.1182
528945865-1899_3865.mp4,442,0.324,0.5494,2.8214,0.9181,0.1064
528945865-1899_3865.mp4,590,0.3063,0.6509,4.6868,0.9672,0.0952
528945865-3866_5529.mp4,0,0.4457,0.7598,3.1365,0.9472,0.107
528945865-3866_5529.mp4,147,0.3741,0.5995,2.0933,0.8095,0.108
528945865-3866_5529.mp4,295,0.3152,0.5213,2.6627,0.6771,0.0815
528945865-3866_5529.mp4,442,0.2472,0.4338,2.1915,0.7398,0.119
528945865-3866_5529.mp4,590,0.4551,0.7398,3.6239,0.9211,0.0754
529780432-4941_6012.mp4,0,0.3878,0.6938,3.5589,0.9375,0.08
529780432-4941_6012.mp4,147,0.2813,0.4962,2.612,0.8282,0.0918
529780432-4941_6012.mp4,295,0.3497,0.4848,2.1302,0.5467,0.0864
529780432-4941_6012.mp4,442,0.4076,0.4891,1.5713,0.5726,0.1226
529780432-4941_6012.mp4,590,0.3226,0.5134,2.7287,0.8056,0.0877
530104702-2005_2997.mp4,0,0.4032,0.5825,2.3112,0.4698,0.0594
530104702-2005_2997.mp4,147,0.352,0.4237,1.5754,0.41,0.0823
530104702-2005_2997.mp4,295,0.3675,0.7171,4.0307,0.9167,0.0832
530104702-2005_2997.mp4,442,0.3875,0.7187,5.0345,0.9442,0.075
530104702-2005_2997.mp4,590,0.2961,0.5816,3.1848,0.8726,0.1171
530104702-989_2004.mp4,0,0.315,0.4421,1.7953,0.5655,0.0841
530104702-989_2004.mp4,147,0.3847,0.5496,2.2021,0.75,0.0988
530104702-989_2004.mp4,295,0.3062,0.3878,1.3843,0.3254,0.0886
530104702-989_2004.mp4,442,0.402,0.4556,1.4788,0.4906,0.0904
530104702-989_2004.mp4,590,0.3091,0.3503,0.9406,0.201,0.0519
530536049-12040_13708.mp4,0,0.1535,0.3151,1.5374,0.6893,0.1177
530536049-12040_13708.mp4,147,0.291,0.5195,1.9707,0.8022,0.1244
530536049-12040_13708.mp4,295,0.2521,0.3914,1.4093,0.5493,0.1196
530536049-12040_13708.mp4,442,0.2221,0.2789,1.0292,0.2174,0.0856
530536049-12040_13708.mp4,590,0.2432,0.2745,0.8847,0.1875,0.0927
532693053-2988_4400.mp4,0,0.3533,0.4283,1.3872,0.3486,0.0827
532693053-2988_4400.mp4,147,0.3857,0.6535,3.4384,0.9403,0.0962
532693053-2988_4400.mp4,295,0.462,0.7129,3.3617,0.9412,0.0917
532693053-2988_4400.mp4,442,0.3128,0.4676,1.6737,0.5455,0.0851
532693053-2988_4400.mp4,590,0.1616,0.2206,0.95,0.4783,0.1136
533348871-24_509.mp4,0,0.5599,0.8276,4.1821,0.9464,0.0765
533348871-24_509.mp4,142,0.171,0.3252,1.4398,0.3102,0.0958
533348871-24_509.mp4,284,0.3179,0.5532,2.0836,0.7465,0.0995
533348871-24_509.mp4,426,0.3327,0.5051,1.5683,0.55,0.1029
533348871-24_509.mp4,568,0.3704,0.4641,1.6281,0.4356,0.075
538241151-4949_7568.mp4,0,0.2481,0.4935,2.406,0.8585,0.1178
538241151-4949_7568.mp4,147,0.2269,0.2751,1.8283,0.5689,0.1068
538241151-4949_7568.mp4,295,0.1975,0.3543,2.365,0.717,0.1084
538241151-4949_7568.mp4,442,0.2524,0.5742,4.0639,0.9325,0.0894
538241151-4949_7568.mp4,590,0.2762,0.468,2.0402,0.6909,0.0942
538431212-125_3635.mp4,0,0.302,0.7093,4.61,1.0,0.1055
538431212-125_3635.mp4,147,0.4113,0.6729,4.0256,0.9178,0.084
538431212-125_3635.mp4,295,0.2528,0.2107,0.5803,0.1184,0.0809
538431212-125_3635.mp4,442,0.2984,0.3017,0.8137,0.2424,0.0845
538431212-125_3635.mp4,590,0.1842,0.2942,1.2213,0.4706,0.1405
540369216-0_2836.mp4,0,0.3995,0.6868,2.9251,0.8179,0.0754
540369216-0_2836.mp4,147,0.3351,0.4543,1.3825,0.4116,0.0851
540369216-0_2836.mp4,295,0.2975,0.4092,1.5878,0.5602,0.105
540369216-0_2836.mp4,442,0.2304,0.1958,0.4556,0.1714,0.1198
540369216-0_2836.mp4,590,0.4181,0.6235,2.3414,0.7238,0.0952
545081072-1793_3262.mp4,0,0.363,0.6731,2.779,0.9683,0.1281
545081072-1793_3262.mp4,147,0.2061,0.2605,0.905,0.2747,0.1301
545081072-1793_3262.mp4,295,0.1928,0.299,1.1573,0.35,0.1536
545081072-1793_3262.mp4,442,0.1885,0.2594,0.8698,0.1667,0.1106
545081072-1793_3262.mp4,590,0.2897,0.665,5.4515,0.9231,0.0771
546073472-3909_5046.mp4,0,0.3632,0.6214,3.4684,0.868,0.0898
546073472-3909_5046.mp4,147,0.2515,0.3641,2.5498,0.7328,0.0925
546073472-3909_5046.mp4,295,0.2901,0.6625,5.5669,0.9062,0.0541
546073472-3909_5046.mp4,442,0.2684,0.3047,0.8703,0.1436,0.0881
546073472-3909_5046.mp4,590,0.4092,0.5597,2.1229,0.6667,0.0998
548806431-0_539.mp4,0,0.3556,0.7308,3.8674,0.9901,0.0864
548806431-0_539.mp4,147,0.2522,0.5784,3.3532,1.0,0.1285
548806431-0_539.mp4,295,0.4771,0.7614,3.8842,0.9399,0.0816
548806431-0_539.mp4,442,0.4522,0.6195,2.3097,0.693,0.084
548806431-0_539.mp4,590,0.4148,0.6276,3.2247,0.6713,0.0843
549335476-0_1499.mp4,0,0.5141,0.764,3.1743,0.9164,0.0936
549335476-0_1499.mp4,147,0.3661,0.7262,4.6764,0.9849,0.0773
549335476-0_1499.mp4,295,0.3186,0.5712,2.4146,0.9431,0.1151
549335476-0_1499.mp4,442,0.4031,0.6839,4.2721,0.9259,0.0696
549335476-0_1499.mp4,590,0.4828,0.6046,1.837,0.6784,0.1233
551911443-0_1404.mp4,0,0.3633,0.7102,4.4815,0.985,0.0806
551911443-0_1404.mp4,147,0.3635,0.6417,3.0052,0.903,0.1017
551911443-0_1404.mp4,295,0.2734,0.3297,1.241,0.4265,0.1211
551911443-0_1404.mp4,442,0.2852,0.2419,0.7195,0.3023,0.13
551911443-0_1404.mp4,590,0.3604,0.5611,2.1647,0.7282,0.1319
553113726-150_1085.mp4,0,0.3566,0.4885,2.0249,0.5982,0.1179
553113726-150_1085.mp4,147,0.4385,0.6865,2.5725,0.7885,0.1082
553113726-150_1085.mp4,295,0.2944,0.4535,2.3122,0.7059,0.0946
553113726-150_1085.mp4,442,0.24,0.3951,1.8874,0.4808,0.0871
553113726-150_1085.mp4,590,0.2538,0.435,2.163,0.7636,0.1102
555092444-0_749.mp4,0,0.3297,0.4401,1.6159,0.5208,0.099
555092444-0_749.mp4,147,0.3301,0.5957,3.0714,0.9091,0.0989
555092444-0_749.mp4,295,0.2249,0.3723,1.7177,0.6316,0.1013
555092444-0_749.mp4,442,0.248,0.4573,2.2363,0.6566,0.0755
555092444-0_749.mp4,590,0.3,0.5172,2.2159,0.6833,0.092
556488641-3961_4981.mp4,0,0.4508,0.6222,2.0636,0.6709,0.1061
556488641-3961_4981.mp4,147,0.3471,0.6199,5.2476,0.9128,0.0671
556488641-3961_4981.mp4,295,0.477,0.747,5.1049,0.9079,0.063
556488641-3961_4981.mp4,442,0.3634,0.5423,3.7171,0.8493,0.0942
556488641-3961_4981.mp4,590,0.3929,0.6928,5.3294,0.9004,0.0643
556488641-907_2098.mp4,0,0.4808,0.7053,2.7603,0.8864,0.0987
556488641-907_2098.mp4,147,0.3625,0.5481,2.4498,0.9054,0.0976
556488641-907_2098.mp4,295,0.4839,0.7996,4.6433,0.9858,0.0771
556488641-907_2098.mp4,442,0.2562,0.4595,2.3836,0.4185,0.0365
556488641-907_2098.mp4,590,0.363,0.6557,3.5276,0.8597,0.087
557844916-0_1126.mp4,0,0.3355,0.6244,3.3714,0.9028,0.1018
557844916-0_1126.mp4,147,0.3005,0.4385,1.5914,0.4814,0.0946
557844916-0_1126.mp4,295,0.3149,0.367,1.054,0.4384,0.1601
557844916-0_1126.mp4,442,0.4976,0.69,2.4723,0.7546,0.1025
557844916-0_1126.mp4,590,0.3843,0.4782,1.5981,0.4144,0.0863
559449309-3957_5340.mp4,0,0.1607,0.3432,1.9267,0.6875,0.1032
559449309-3957_5340.mp4,147,0.3,0.5728,3.1388,0.8448,0.1094
559449309-3957_5340.mp4,295,0.1052,0.2157,1.3227,0.0577,0.0732
559449309-3957_5340.mp4,442,0.3031,0.6616,4.1434,0.963,0.0935
559449309-3957_5340.mp4,590,0.2704,0.4549,2.4672,0.7333,0.1048
560550666-2053_3299.mp4,0,0.3887,0.4951,1.6823,0.5634,0.0842
560550666-2053_3299.mp4,147,0.2403,0.1735,0.4321,0.1507,0.1052
560550666-2053_3299.mp4,295,0.4061,0.6466,4.4521,0.7711,0.061
560550666-2053_3299.mp4,442,0.3666,0.6401,4.162,0.8611,0.0741
560550666-2053_3299.mp4,590,0.1752,0.4792,2.7906,0.9254,0.1064
562358717-23105_31859.mp4,0,0.2999,0.4899,1.7365,0.7846,0.1404
562358717-23105_31859.mp4,147,0.4572,0.6518,2.4738,0.7568,0.0914
562358717-23105_31859.mp4,295,0.3672,0.4521,1.5005,0.6318,0.1586
562358717-23105_31859.mp4,442,0.3811,0.4969,1.5444,0.5744,0.1186
562358717-23105_31859.mp4,590,0.2989,0.3265,1.0608,0.4359,0.1415
562358717-8489_23104.mp4,0,0.2605,0.54,2.6683,0.8889,0.1126
562358717-8489_23104.mp4,147,0.2568,0.5713,3.2402,0.9795,0.1013
562358717-8489_23104.mp4,295,0.2338,0.5563,3.3784,0.932,0.1072
562358717-8489_23104.mp4,442,0.2162,0.5375,3.381,0.9796,0.1091
562358717-8489_23104.mp4,590,0.2322,0.5769,3.5277,0.98,0.0925
567309114-1124_8294.mp4,0,0.2481,0.4255,1.515,0.5091,0.1316
567309114-1124_8294.mp4,147,0.294,0.5273,1.9754,0.8485,0.1506
567309114-1124_8294.mp4,295,0.0181,-0.0927,-0.5371,0.0,0.1218
567309114-1124_8294.mp4,442,0.046,-0.0217,-0.2106,0.0,0.1534
567309114-1124_8294.mp4,590,0.1658,0.3553,1.9233,0.8214,0.1036
571673376-984_2249.mp4,0,0.2776,0.4871,2.0557,0.7645,0.1092
571673376-984_2249.mp4,147,0.3241,0.666,5.1757,0.9571,0.0738
571673376-984_2249.mp4,295,0.3637,0.6399,3.5255,0.815,0.0796
571673376-984_2249.mp4,442,0.3728,0.6746,2.9654,0.9512,0.1041
571673376-984_2249.mp4,590,0.2634,0.5526,2.7873,0.933,0.0893
573325323-27347_31859.mp4,0,0.4215,0.611,2.6597,0.5357,0.0551
573325323-27347_31859.mp4,147,0.2645,0.2136,0.4901,0.1037,0.0585
573325323-27347_31859.mp4,295,0.3085,0.4742,1.9573,0.5093,0.0701
573325323-27347_31859.mp4,442,0.3018,0.3887,1.3157,0.293,0.0672
573325323-27347_31859.mp4,590,0.2625,0.2887,1.1178,0.2785,0.0587
576717689-3969_4967.mp4,0,0.3375,0.4786,1.8496,0.6,0.1255
576717689-3969_4967.mp4,147,0.3369,0.5542,2.6626,0.6437,0.0684
576717689-3969_4967.mp4,295,0.2938,0.413,1.7381,0.5932,0.1002
576717689-3969_4967.mp4,442,0.3727,0.6239,3.0252,0.8817,0.1008
576717689-3969_4967.mp4,590,0.3416,0.7073,4.4267,0.9677,0.0877
577175857-0_1498.mp4,0,0.3058,0.5525,2.5384,0.7045,0.0808
577175857-0_1498.mp4,147,0.3763,0.571,2.9024,0.716,0.0667
577175857-0_1498.mp4,295,0.1905,0.252,1.0041,0.2029,0.0862
577175857-0_1498.mp4,442,0.267,0.5056,2.588,0.8406,0.1092
577175857-0_1498.mp4,590,0.423,0.7809,5.2033,0.9948,0.0738
577179852-0_1214.mp4,0,0.4617,0.6671,2.3268,0.6192,0.0848
577179852-0_1214.mp4,147,0.1724,0.3107,1.1988,0.3826,0.1189
577179852-0_1214.mp4,295,0.2263,0.2348,0.8911,0.2857,0.0871
577179852-0_1214.mp4,442,0.2737,0.3321,1.0726,0.4129,0.1154
577179852-0_1214.mp4,590,0.4161,0.5691,2.3577,0.6219,0.1031
579733065-0_1078.mp4,0,0.3108,0.593,3.6004,0.9402,0.1034
579733065-0_1078.mp4,147,0.3799,0.6793,4.4724,0.9306,0.0832
579733065-0_1078.mp4,295,0.2936,0.6233,3.3159,0.9267,0.0759
579733065-0_1078.mp4,442,0.2384,0.3693,1.1971,0.4868,0.1292
579733065-0_1078.mp4,590,0.3441,0.6033,3.3011,0.8528,0.0908
580891679-1930_3063.mp4,0,0.2903,0.5566,2.8179,0.7934,0.0881
580891679-1930_3063.mp4,147,0.1914,0.2245,0.7183,0.1031,0.079
580891679-1930_3063.mp4,295,0.405,0.6366,2.6441,0.7316,0.0842
580891679-1930_3063.mp4,442,0.2787,0.646,4.0357,0.9583,0.08
580891679-1930_3063.mp4,590,0.3176,0.4607,1.9035,0.675,0.1133
580891679-6002_7363.mp4,0,0.3249,0.4934,2.1792,0.7183,0.1049
580891679-6002_7363.mp4,147,0.2394,0.3836,1.6974,0.5039,0.0866
580891679-6002_7363.mp4,295,0.3718,0.537,2.3897,0.507,0.0725
580891679-6002_7363.mp4,442,0.3006,0.4549,1.6114,0.603,0.1155
580891679-6002_7363.mp4,590,0.2678,0.3874,1.2,0.4058,0.1386
586463206-0_686.mp4,0,0.2776,0.5711,2.5735,0.9577,0.1239
586463206-0_686.mp4,147,0.3096,0.5242,2.2731,0.9464,0.1265
586463206-0_686.mp4,295,0.3201,0.7153,3.9438,0.98,0.1071
586463206-0_686.mp4,442,0.3704,0.647,2.9068,0.8711,0.1078
586463206-0_686.mp4,590,0.2965,0.5077,2.0665,0.7879,0.1096
596815847-4754_6382.mp4,0,0.3612,0.5362,1.9309,0.6189,0.0973
596815847-4754_6382.mp4,147,0.3961,0.6683,2.7447,0.8347,0.1098
596815847-4754_6382.mp4,295,0.321,0.4341,1.7443,0.6087,0.1021
596815847-4754_6382.mp4,442,0.3306,0.5647,3.0892,0.8122,0.1099
596815847-4754_6382.mp4,590,0.3285,0.536,2.5223,0.6823,0.0847
600726744-0_1399.mp4,0,0.4227,0.6339,3.5471,0.7424,0.056
600726744-0_1399.mp4,147,0.3832,0.5422,2.0995,0.659,0.0919
600726744-0_1399.mp4,295,0.4094,0.5027,1.729,0.4,0.0587
600726744-0_1399.mp4,442,0.4199,0.7568,5.1465,0.9508,0.0675
600726744-0_1399.mp4,590,0.2213,0.3595,1.6648,0.5699,0.1047
607758640-2517_3529.mp4,0,0.3363,0.6055,2.376,0.7044,0.0754
607758640-2517_3529.mp4,147,0.2973,0.5127,3.0114,0.8943,0.1065
607758640-2517_3529.mp4,295,0.3858,0.6897,3.7455,0.9726,0.105
607758640-2517_3529.mp4,442,0.2923,0.5432,3.6046,0.8873,0.1035
607758640-2517_3529.mp4,590,0.3626,0.5182,2.6359,0.6522,0.1005
631753695-0_1321.mp4,0,0.3839,0.7126,4.0418,0.9201,0.1042
631753695-0_1321.mp4,147,0.269,0.252,0.7651,0.3681,0.1104
631753695-0_1321.mp4,295,0.3876,0.5513,2.1033,0.6309,0.0888
631753695-0_1321.mp4,442,0.3219,0.5734,2.1644,0.7686,0.1214
631753695-0_1321.mp4,590,0.2028,0.2104,0.7182,0.2743,0.1158
631753695-1322_2161.mp4,0,0.3651,0.5164,1.8954,0.725,0.1057
631753695-1322_2161.mp4,147,0.3982,0.5228,1.7893,0.6834,0.1098
631753695-1322_2161.mp4,295,0.2905,0.5328,2.2345,0.8913,0.1287
631753695-1322_2161.mp4,442,0.4054,0.719,3.5298,0.9634,0.096
631753695-1322_2161.mp4,590,0.3297,0.6319,2.8492,0.925,0.1021
63999109-985_2112.mp4,0,0.2828,0.5378,2.6844,0.8438,0.1169
63999109-985_2112.mp4,147,0.4332,0.6335,2.2899,0.7024,0.1155
63999109-985_2112.mp4,295,0.1533,0.2232,1.1141,0.65,0.1551
63999109-985_2112.mp4,442,0.2372,0.5237,3.0251,0.9836,0.1411
63999109-985_2112.mp4,590,0.1948,0.1585,0.4825,0.2459,0.1076
78179542-250_1032.mp4,0,0.3784,0.5624,1.9992,0.6104,0.0791
78179542-250_1032.mp4,147,0.135,0.0926,0.3117,0.1522,0.1228
78179542-250_1032.mp4,295,0.3361,0.5435,2.1216,0.7442,0.1092
78179542-250_1032.mp4,442,0.2781,0.4278,2.29,0.4881,0.0741
78179542-250_1032.mp4,590,0.1345,0.3999,2.8589,1.0,0.1114
78179542-4978_5972.mp4,0,0.3689,0.7449,4.4243,0.9789,0.0955
78179542-4978_5972.mp4,147,0.2721,0.5372,2.1627,0.7491,0.1247
78179542-4978_5972.mp4,295,0.2677,0.4617,1.7944,0.2973,0.0683
78179542-4978_5972.mp4,442,0.2951,0.6566,3.4007,0.9605,0.1014
78179542-4978_5972.mp4,590,0.4405,0.6426,2.7334,0.8378,0.1167
79664696-4460_6545.mp4,0,0.413,0.6952,3.2683,0.8627,0.0852
79664696-4460_6545.mp4,147,0.3824,0.6841,4.4432,0.9643,0.0988
79664696-4460_6545.mp4,295,0.2922,0.4955,3.4491,0.6784,0.0758
79664696-4460_6545.mp4,442,0.2217,0.4594,2.5639,0.8242,0.1245
79664696-4460_6545.mp4,590,0.2862,0.5475,2.8076,0.8305,0.0978
87162246-0_1184.mp4,0,0.3299,0.3947,1.4144,0.4428,0.0921
87162246-0_1184.mp4,147,0.2526,0.2094,0.6956,0.2618,0.0922
87162246-0_1184.mp4,295,0.2247,0.2129,1.0678,0.2741,0.088
87162246-0_1184.mp4,442,0.0766,-0.0348,-0.2938,0.0521,0.0959
87162246-0_1184.mp4,590,0.2673,0.3672,1.2684,0.4429,0.1001
87424137-0_576.mp4,0,0.1793,0.4079,2.7997,0.9273,0.1021
87424137-0_576.mp4,147,0.2076,0.4265,2.9012,0.8679,0.0918
87424137-0_576.mp4,295,0.1764,0.3476,3.0439,0.8889,0.0996
87424137-0_576.mp4,442,0.153,0.3468,2.6652,0.9198,0.0972
87424137-0_576.mp4,590,0.1416,0.3752,3.2571,0.9273,0.0982
87673674-2930_4135.mp4,0,0.25,0.4248,1.5037,0.806,0.155
87673674-2930_4135.mp4,147,0.3606,0.5983,2.3103,0.8519,0.1482
87673674-2930_4135.mp4,295,0.3084,0.564,2.4778,0.8596,0.1184
87673674-2930_4135.mp4,442,0.3738,0.5548,1.8754,0.6215,0.0996
87673674-2930_4135.mp4,590,0.2921,0.6043,3.2919,0.931,0.1156
89741392-0_626.mp4,0,0.2313,0.445,2.1237,0.8388,0.1015
89741392-0_626.mp4,147,0.2464,0.2771,1.1159,0.3031,0.1051
89741392-0_626.mp4,295,0.2273,0.2036,0.728,0.18,0.1038
89741392-0_626.mp4,442,0.2172,0.2396,0.9226,0.0964,0.0974
89741392-0_626.mp4,590,0.2053,0.2193,0.7644,0.1429,0.1047
92772801-0_528.mp4,0,0.3384,0.6278,2.9381,0.96,0.0971
92772801-0_528.mp4,147,0.2725,0.4112,1.855,0.6327,0.1211
92772801-0_528.mp4,295,0.4442,0.7071,3.0287,0.7593,0.0721
92772801-0_528.mp4,442,0.3797,0.6731,3.0764,0.9338,0.1124
92772801-0_528.mp4,590,0.3954,0.6725,2.9817,0.8366,0.0842
97920700-0_432.mp4,0,0.216,0.2634,0.6585,0.108,0.0979
97920700-0_432.mp4,125,0.1786,0.1678,0.4028,0.0708,0.0967
97920700-0_432.mp4,250,0.2036,0.1582,0.3766,0.1165,0.1082
97920700-0_432.mp4,375,0.1925,0.1801,0.3187,0.1226,0.1166
97920700-0_432.mp4,501,0.2132,0.2145,0.7786,0.2603,0.1209
Animation_1080P-05f8_crf_10_ss_00_t_20.0.mp4,0,0.297,0.3482,1.3746,0.3925,0.0818
Animation_1080P-05f8_crf_10_ss_00_t_20.0.mp4,139,0.3141,0.4915,1.8303,0.5079,0.073
Animation_1080P-05f8_crf_10_ss_00_t_20.0.mp4,279,0.3758,0.5688,2.2309,0.6289,0.0754
Animation_1080P-05f8_crf_10_ss_00_t_20.0.mp4,419,0.3534,0.5788,2.5471,0.7742,0.0894
Animation_1080P-05f8_crf_10_ss_00_t_20.0.mp4,559,0.2409,0.4605,3.3417,0.8667,0.089
Animation_1080P-0c4f_crf_10_ss_00_t_20.0.mp4,0,0.3258,0.4916,1.8238,0.3964,0.0561
Animation_1080P-0c4f_crf_10_ss_00_t_20.0.mp4,139,0.1933,0.2124,0.7358,0.2095,0.1219
Animation_1080P-0c4f_crf_10_ss_00_t_20.0.mp4,279,0.2316,0.2502,0.6561,0.1993,0.1425
Animation_1080P-0c4f_crf_10_ss_00_t_20.0.mp4,419,0.3015,0.302,0.8503,0.3,0.1089
Animation_1080P-0c4f_crf_10_ss_00_t_20.0.mp4,559,0.1036,0.0869,0.2019,0.0758,0.0855
Animation_1080P-209f_crf_10_ss_00_t_20.0.mp4,0,0.4305,0.5161,1.4942,0.4519,0.1116
Animation_1080P-209f_crf_10_ss_00_t_20.0.mp4,140,0.3233,0.4452,1.4675,0.375,0.08
Animation_1080P-209f_crf_10_ss_00_t_20.0.mp4,280,0.2942,0.3706,1.1658,0.2897,0.0794
Animation_1080P-209f_crf_10_ss_00_t_20.0.mp4,420,0.3068,0.5787,2.7011,0.8824,0.0971
Animation_1080P-209f_crf_10_ss_00_t_20.0.mp4,560,0.2031,0.3272,1.2339,0.3143,0.1103
Animation_1080P-21dd_crf_10_ss_00_t_20.0.mp4,0,0.3503,0.5824,2.9753,0.7159,0.0763
Animation_1080P-21dd_crf_10_ss_00_t_20.0.mp4,139,0.2178,0.184,0.5372,0.1692,0.0877
Animation_1080P-21dd_crf_10_ss_00_t_20.0.mp4,279,0.4253,0.5552,2.1139,0.5652,0.0905
Animation_1080P-21dd_crf_10_ss_00_t_20.0.mp4,419,0.1914,0.2393,0.9801,0.2593,0.1178
Animation_1080P-21dd_crf_10_ss_00_t_20.0.mp4,559,0.277,0.3657,1.2569,0.2727,0.0795
Animation_1080P-3e01_crf_10_ss_00_t_20.0.mp4,0,0.3419,0.4691,1.6132,0.5833,0.1272
Animation_1080P-3e01_crf_10_ss_00_t_20.0.mp4,139,0.3581,0.5301,2.0041,0.7406,0.1102
Animation_1080P-3e01_crf_10_ss_00_t_20.0.mp4,278,0.3301,0.5073,1.9452,0.5833,0.084
Animation_1080P-3e01_crf_10_ss_00_t_20.0.mp4,417,0.2546,0.2527,0.6982,0.109,0.0515
Animation_1080P-3e01_crf_10_ss_00_t_20.0.mp4,557,0.3332,0.4551,1.5235,0.4737,0.0967
Animation_1080P-4be3_crf_10_ss_00_t_20.0.mp4,0,0.3875,0.444,1.2421,0.1198,0.0378
Animation_1080P-4be3_crf_10_ss_00_t_20.0.mp4,139,0.4499,0.6301,2.4507,0.7912,0.095
Animation_1080P-4be3_crf_10_ss_00_t_20.0.mp4,279,0.3988,0.5991,2.2876,0.7069,0.1101
Animation_1080P-4be3_crf_10_ss_00_t_20.0.mp4,419,0.3559,0.5842,2.4705,0.832,0.1167
Animation_1080P-4be3_crf_10_ss_00_t_20.0.mp4,559,0.4047,0.706,4.8099,0.944,0.0565
Animation_1080P-4ea8_crf_10_ss_00_t_20.0.mp4,0,0.3242,0.6327,4.9423,0.9649,0.0808
Animation_1080P-4ea8_crf_10_ss_00_t_20.0.mp4,140,0.4053,0.6809,3.4411,0.8333,0.0709
Animation_1080P-4ea8_crf_10_ss_00_t_20.0.mp4,280,0.3777,0.6102,2.636,0.7952,0.0917
Animation_1080P-4ea8_crf_10_ss_00_t_20.0.mp4,420,0.1307,0.3117,2.6254,0.8596,0.0931
Animation_1080P-4ea8_crf_10_ss_00_t_20.0.mp4,560,0.347,0.5453,2.1506,0.7486,0.1205
CoverSong_1080P-0a86_crf_10_ss_00_t_20.0.mp4,0,0.3487,0.6137,3.1321,0.8527,0.1218
CoverSong_1080P-0a86_crf_10_ss_00_t_20.0.mp4,140,0.2887,0.3066,0.8371,0.2,0.0801
CoverSong_1080P-0a86_crf_10_ss_00_t_20.0.mp4,280,0.307,0.3762,1.5433,0.2958,0.0551
CoverSong_1080P-0a86_crf_10_ss_00_t_20.0.mp4,420,0.3989,0.4943,1.3066,0.3169,0.0756
CoverSong_1080P-0a86_crf_10_ss_00_t_20.0.mp4,560,0.3137,0.3449,0.9831,0.3333,0.1156
CoverSong_1080P-0f33_crf_10_ss_00_t_20.0.mp4,0,0.3524,0.6116,4.5171,0.8567,0.0857
CoverSong_1080P-0f33_crf_10_ss_00_t_20.0.mp4,140,0.3156,0.4377,2.8508,0.6061,0.0763
CoverSong_1080P-0f33_crf_10_ss_00_t_20.0.mp4,280,0.3474,0.4881,2.8049,0.5714,0.0817
CoverSong_1080P-0f33_crf_10_ss_00_t_20.0.mp4,420,0.3174,0.4486,2.5542,0.598,0.1048
CoverSong_1080P-0f33_crf_10_ss_00_t_20.0.mp4,560,0.3104,0.5294,3.1473,0.7156,0.0848
CoverSong_1080P-1b0c_crf_10_ss_00_t_20.0.mp4,0,0.2585,0.2543,0.8454,0.1811,0.072
CoverSong_1080P-1b0c_crf_10_ss_00_t_20.0.mp4,140,0.2413,0.223,0.6687,0.1692,0.0968
CoverSong_1080P-1b0c_crf_10_ss_00_t_20.0.mp4,280,0.1492,0.1269,0.4017,0.0621,0.0724
CoverSong_1080P-1b0c_crf_10_ss_00_t_20.0.mp4,420,0.2937,0.2817,0.846,0.2812,0.0855
CoverSong_1080P-1b0c_crf_10_ss_00_t_20.0.mp4,560,0.277,0.277,0.9065,0.3182,0.102
CoverSong_1080P-237f_crf_10_ss_00_t_20.0.mp4,0,0.3151,0.6132,3.5743,0.9726,0.1058
CoverSong_1080P-237f_crf_10_ss_00_t_20.0.mp4,139,0.2426,0.5302,3.5844,0.7783,0.0967
CoverSong_1080P-237f_crf_10_ss_00_t_20.0.mp4,279,0.2213,0.2871,1.2277,0.4097,0.0945
CoverSong_1080P-237f_crf_10_ss_00_t_20.0.mp4,419,0.3371,0.4171,1.2208,0.5631,0.135
CoverSong_1080P-237f_crf_10_ss_00_t_20.0.mp4,559,0.245,0.1839,0.4982,0.1814,0.113
CoverSong_1080P-5456_crf_10_ss_00_t_20.0.mp4,0,0.389,0.7694,5.4396,0.9575,0.057
CoverSong_1080P-5456_crf_10_ss_00_t_20.0.mp4,140,0.3417,0.6393,5.0846,0.9038,0.0562
CoverSong_1080P-5456_crf_10_ss_00_t_20.0.mp4,280,0.3519,0.6845,4.7926,0.92,0.0644
CoverSong_1080P-5456_crf_10_ss_00_t_20.0.mp4,420,0.3975,0.7096,4.7861,0.935,0.0608
CoverSong_1080P-5456_crf_10_ss_00_t_20.0.mp4,560,0.3447,0.6585,4.6697,0.8125,0.0416
Gaming_1080P-13e3_crf_10_ss_00_t_20.0.mp4,0,0.3127,0.546,2.4107,0.7676,0.0857
Gaming_1080P-13e3_crf_10_ss_00_t_20.0.mp4,140,0.3505,0.5773,3.2566,0.7833,0.0821
Gaming_1080P-13e3_crf_10_ss_00_t_20.0.mp4,280,0.301,0.6001,3.632,0.8889,0.1048
Gaming_1080P-13e3_crf_10_ss_00_t_20.0.mp4,420,0.252,0.5871,3.6348,0.9706,0.1302
Gaming_1080P-13e3_crf_10_ss_00_t_20.0.mp4,560,0.1732,0.3448,1.7467,0.8261,0.1165
Gaming_1080P-277c_crf_10_ss_00_t_20.0.mp4,0,0.3815,0.6681,2.5659,0.8642,0.1127
Gaming_1080P-277c_crf_10_ss_00_t_20.0.mp4,139,0.1959,0.1992,0.6694,0.159,0.0863
Gaming_1080P-277c_crf_10_ss_00_t_20.0.mp4,279,0.1326,0.0132,-0.0576,0.0484,0.0897
Gaming_1080P-277c_crf_10_ss_00_t_20.0.mp4,419,0.3051,0.416,1.6845,0.5215,0.1006
Gaming_1080P-277c_crf_10_ss_00_t_20.0.mp4,559,0.2669,0.3653,1.3625,0.4032,0.0877
Gaming_1080P-3a9d_crf_10_ss_00_t_20.0.mp4,0,0.2126,0.391,1.6105,0.4865,0.0835
Gaming_1080P-3a9d_crf_10_ss_00_t_20.0.mp4,140,0.1384,0.1168,0.0636,0.0922,0.0852
Gaming_1080P-3a9d_crf_10_ss_00_t_20.0.mp4,280,0.1898,0.4155,4.3397,0.893,0.0854
Gaming_1080P-3a9d_crf_10_ss_00_t_20.0.mp4,420,0.1475,0.2615,1.4146,0.3158,0.0745
Gaming_1080P-3a9d_crf_10_ss_00_t_20.0.mp4,560,0.2084,0.421,1.9448,0.4079,0.0646
Gaming_1080P-3d58_crf_10_ss_00_t_20.0.mp4,0,0.1772,0.4547,3.4818,1.0,0.1288
Gaming_1080P-3d58_crf_10_ss_00_t_20.0.mp4,139,0.2623,0.4718,2.6841,0.7903,0.1101
Gaming_1080P-3d58_crf_10_ss_00_t_20.0.mp4,279,0.2638,0.4946,1.9995,0.6822,0.1117
Gaming_1080P-3d58_crf_10_ss_00_t_20.0.mp4,419,0.3215,0.4511,1.4191,0.5767,0.1366
Gaming_1080P-3d58_crf_10_ss_00_t_20.0.mp4,559,0.2873,0.4059,1.4912,0.4167,0.098
Gaming_1080P-44c4_crf_10_ss_00_t_20.0.mp4,0,0.4414,0.6905,2.7607,0.7346,0.069
Gaming_1080P-44c4_crf_10_ss_00_t_20.0.mp4,139,0.3574,0.6632,3.7351,0.9343,0.0899
Gaming_1080P-44c4_crf_10_ss_00_t_20.0.mp4,279,0.3268,0.637,2.6356,0.874,0.085
Gaming_1080P-44c4_crf_10_ss_00_t_20.0.mp4,419,0.2619,0.6193,3.468,0.9701,0.0744
Gaming_1080P-44c4_crf_10_ss_00_t_20.0.mp4,559,0.2257,0.3784,2.0713,0.6923,0.1259
Gaming_1080P-45fc_crf_10_ss_00_t_20.0.mp4,0,0.3622,0.6366,3.9453,0.8333,0.0807
Gaming_1080P-45fc_crf_10_ss_00_t_20.0.mp4,139,0.3262,0.6356,5.3811,0.9508,0.0678
Gaming_1080P-45fc_crf_10_ss_00_t_20.0.mp4,279,0.2833,0.385,2.8352,0.5339,0.0675
Gaming_1080P-45fc_crf_10_ss_00_t_20.0.mp4,419,0.2903,0.6029,3.576,0.8929,0.076
Gaming_1080P-45fc_crf_10_ss_00_t_20.0.mp4,559,0.3049,0.5964,4.2644,0.8182,0.084
Gaming_1080P-6530_crf_10_ss_00_t_20.0.mp4,0,0.2915,0.4697,1.3957,0.4966,0.118
Gaming_1080P-6530_crf_10_ss_00_t_20.0.mp4,139,0.2658,0.5496,2.771,0.8685,0.084
Gaming_1080P-6530_crf_10_ss_00_t_20.0.mp4,279,0.2265,0.6214,3.382,0.9737,0.1085
Gaming_1080P-6530_crf_10_ss_00_t_20.0.mp4,419,0.2871,0.7099,4.5782,0.9279,0.0609
Gaming_1080P-6530_crf_10_ss_00_t_20.0.mp4,559,0.2669,0.6581,3.6055,0.9867,0.1066
Gaming_1080P-698a_crf_10_ss_00_t_20.0.mp4,0,0.3362,0.6192,2.8531,0.6682,0.0518
Gaming_1080P-698a_crf_10_ss_00_t_20.0.mp4,139,0.2386,0.2582,0.9465,0.3681,0.1285
Gaming_1080P-698a_crf_10_ss_00_t_20.0.mp4,279,0.2682,0.4241,1.8812,0.5744,0.1064
Gaming_1080P-698a_crf_10_ss_00_t_20.0.mp4,419,0.2765,0.4893,2.0243,0.6863,0.113
Gaming_1080P-698a_crf_10_ss_00_t_20.0.mp4,559,0.259,0.4548,2.3546,0.5192,0.086
Gaming_2160P-2dc4_crf_10_ss_00_t_20.0.mp4,0,0.4768,0.7702,3.1961,0.8634,0.0809
Gaming_2160P-2dc4_crf_10_ss_00_t_20.0.mp4,140,0.3133,0.4394,1.5613,0.4711,0.1111
Gaming_2160P-2dc4_crf_10_ss_00_t_20.0.mp4,280,0.3826,0.5306,2.0758,0.6175,0.106
Gaming_2160P-2dc4_crf_10_ss_00_t_20.0.mp4,420,0.4354,0.6688,2.7129,0.8043,0.0885
Gaming_2160P-2dc4_crf_10_ss_00_t_20.0.mp4,560,0.3897,0.6531,2.8326,0.8577,0.0965
Gaming_2160P-3002_crf_10_ss_00_t_20.0.mp4,0,0.1871,0.2493,0.7435,0.2113,0.0902
Gaming_2160P-3002_crf_10_ss_00_t_20.0.mp4,140,0.3408,0.5091,1.5409,0.5631,0.1174
Gaming_2160P-3002_crf_10_ss_00_t_20.0.mp4,280,0.3058,0.5442,2.1738,0.6765,0.0811
Gaming_2160P-3002_crf_10_ss_00_t_20.0.mp4,420,0.1875,0.361,1.9923,0.7344,0.1267
Gaming_2160P-3002_crf_10_ss_00_t_20.0.mp4,560,0.3336,0.5546,2.2832,0.6471,0.0825
Gaming_2160P-4258_crf_10_ss_00_t_20.0.mp4,0,0.3654,0.626,2.6212,0.7536,0.0898
Gaming_2160P-4258_crf_10_ss_00_t_20.0.mp4,139,0.3694,0.551,2.1508,0.5942,0.085
Gaming_2160P-4258_crf_10_ss_00_t_20.0.mp4,279,0.3223,0.5345,2.3003,0.6038,0.0785
Gaming_2160P-4258_crf_10_ss_00_t_20.0.mp4,419,0.3163,0.438,1.6024,0.4928,0.1032
Gaming_2160P-4258_crf_10_ss_00_t_20.0.mp4,559,0.3518,0.5984,2.6248,0.7241,0.0812
Gaming_2160P-6bb6_crf_10_ss_00_t_20.0.mp4,0,0.3395,0.6393,3.3814,0.8918,0.0817
Gaming_2160P-6bb6_crf_10_ss_00_t_20.0.mp4,140,0.3222,0.5782,2.2396,0.912,0.1316
Gaming_2160P-6bb6_crf_10_ss_00_t_20.0.mp4,280,0.1877,0.4321,2.4392,0.9714,0.1279
Gaming_2160P-6bb6_crf_10_ss_00_t_20.0.mp4,420,0.307,0.5293,2.2862,0.85,0.1513
Gaming_2160P-6bb6_crf_10_ss_00_t_20.0.mp4,560,0.1791,0.1702,0.4867,0.1831,0.1552
Gaming_2160P-6cd8_crf_10_ss_00_t_20.0.mp4,0,0.3872,0.7325,3.8444,0.9286,0.0998
Gaming_2160P-6cd8_crf_10_ss_00_t_20.0.mp4,139,0.2828,0.4405,2.1459,0.7488,0.0765
Gaming_2160P-6cd8_crf_10_ss_00_t_20.0.mp4,279,0.4508,0.6698,2.7164,0.7248,0.0744
Gaming_2160P-6cd8_crf_10_ss_00_t_20.0.mp4,419,0.3226,0.6556,3.1893,0.9772,0.1161
Gaming_2160P-6cd8_crf_10_ss_00_t_20.0.mp4,559,0.2841,0.5909,2.608,0.9726,0.1065
HowTo_1080P-1f3b_crf_10_ss_00_t_20.0.mp4,0,0.3666,0.4437,1.4699,0.48,0.0997
HowTo_1080P-1f3b_crf_10_ss_00_t_20.0.mp4,140,0.2568,0.4742,3.411,0.8289,0.0687
HowTo_1080P-1f3b_crf_10_ss_00_t_20.0.mp4,280,0.2468,0.3869,2.3397,0.5787,0.0505
HowTo_1080P-1f3b_crf_10_ss_00_t_20.0.mp4,420,0.2156,0.3551,2.3001,0.5559,0.0567
HowTo_1080P-1f3b_crf_10_ss_00_t_20.0.mp4,560,0.1801,0.3106,2.0032,0.4667,0.0575
HowTo_1080P-4d7b_crf_10_ss_00_t_20.0.mp4,0,0.157,0.4115,2.2672,0.918,0.1012
HowTo_1080P-4d7b_crf_10_ss_00_t_20.0.mp4,140,0.1392,0.3592,2.4061,0.8644,0.1016
HowTo_1080P-4d7b_crf_10_ss_00_t_20.0.mp4,280,0.1938,0.4597,3.1991,0.9365,0.0973
HowTo_1080P-4d7b_crf_10_ss_00_t_20.0.mp4,420,0.2579,0.5097,3.6394,0.8699,0.1271
HowTo_1080P-4d7b_crf_10_ss_00_t_20.0.mp4,560,0.1965,0.4445,3.7985,0.8698,0.1289
HowTo_1080P-52bb_crf_10_ss_00_t_20.0.mp4,0,0.352,0.5048,1.7926,0.7083,0.1364
HowTo_1080P-52bb_crf_10_ss_00_t_20.0.mp4,140,0.2754,0.1986,0.6037,0.3407,0.1333
HowTo_1080P-52bb_crf_10_ss_00_t_20.0.mp4,280,0.2194,0.1067,0.4203,0.2581,0.1343
HowTo_1080P-52bb_crf_10_ss_00_t_20.0.mp4,420,0.2478,0.1876,0.5354,0.3147,0.1302
HowTo_1080P-52bb_crf_10_ss_00_t_20.0.mp4,560,0.1952,0.1074,0.4077,0.3077,0.141
HowTo_1080P-55d1_crf_10_ss_00_t_20.0.mp4,0,0.3739,0.5083,1.8519,0.6215,0.1065
HowTo_1080P-55d1_crf_10_ss_00_t_20.0.mp4,139,0.2592,0.4872,2.6773,0.9069,0.1099
HowTo_1080P-55d1_crf_10_ss_00_t_20.0.mp4,279,0.1502,0.3723,2.6689,0.9242,0.0951
HowTo_1080P-55d1_crf_10_ss_00_t_20.0.mp4,419,0.174,0.3683,2.6409,0.9104,0.1153
HowTo_1080P-55d1_crf_10_ss_00_t_20.0.mp4,559,0.3079,0.6225,2.9491,0.9714,0.1374
Lecture_1080P-1969_crf_10_ss_00_t_20.0.mp4,0,0.3605,0.5357,2.1636,0.66,0.1043
Lecture_1080P-1969_crf_10_ss_00_t_20.0.mp4,140,0.2897,0.2969,0.8443,0.3467,0.108
Lecture_1080P-1969_crf_10_ss_00_t_20.0.mp4,280,0.1996,0.1136,0.2822,0.1886,0.1067
Lecture_1080P-1969_crf_10_ss_00_t_20.0.mp4,420,0.2305,0.1735,0.4004,0.2313,0.1062
Lecture_1080P-1969_crf_10_ss_00_t_20.0.mp4,560,0.1422,0.0661,0.0448,0.1429,0.1082
LiveMusic_1080P-2930_crf_10_ss_00_t_20.0.mp4,0,0.311,0.7249,5.536,0.9718,0.054
LiveMusic_1080P-2930_crf_10_ss_00_t_20.0.mp4,139,0.2109,0.5168,3.4203,0.9559,0.0923
LiveMusic_1080P-2930_crf_10_ss_00_t_20.0.mp4,279,0.1968,0.4658,3.1625,0.9679,0.0923
LiveMusic_1080P-2930_crf_10_ss_00_t_20.0.mp4,419,0.1094,0.2572,1.845,0.8109,0.0673
LiveMusic_1080P-2930_crf_10_ss_00_t_20.0.mp4,559,0.1469,0.3044,1.6358,0.8088,0.1139
LyricVideo_1080P-41ee_crf_10_ss_00_t_20.0.mp4,0,0.3985,0.5063,1.8738,0.5694,0.0876
LyricVideo_1080P-41ee_crf_10_ss_00_t_20.0.mp4,140,0.3897,0.5475,2.2283,0.6667,0.0855
LyricVideo_1080P-41ee_crf_10_ss_00_t_20.0.mp4,280,0.3204,0.554,3.2499,0.8636,0.1039
LyricVideo_1080P-41ee_crf_10_ss_00_t_20.0.mp4,420,0.4078,0.6974,3.3644,0.9552,0.1072
LyricVideo_1080P-41ee_crf_10_ss_00_t_20.0.mp4,560,0.3826,0.6636,3.085,0.895,0.1135
MusicVideo_1080P-1a53_crf_10_ss_00_t_20.0.mp4,0,0.279,0.5623,2.8486,0.871,0.1136
MusicVideo_1080P-1a53_crf_10_ss_00_t_20.0.mp4,140,0.1811,0.2434,0.8005,0.339,0.1305
MusicVideo_1080P-1a53_crf_10_ss_00_t_20.0.mp4,280,0.3227,0.5993,3.1028,0.8352,0.0969
MusicVideo_1080P-1a53_crf_10_ss_00_t_20.0.mp4,420,0.3534,0.6756,3.0659,0.9139,0.1069
MusicVideo_1080P-1a53_crf_10_ss_00_t_20.0.mp4,560,0.2303,0.3601,1.5863,0.7193,0.1356
MusicVideo_1080P-3a50_crf_10_ss_00_t_20.0.mp4,0,0.2899,0.7137,6.404,0.9756,0.0582
MusicVideo_1080P-3a50_crf_10_ss_00_t_20.0.mp4,139,0.2963,0.571,3.2783,0.919,0.0949
MusicVideo_1080P-3a50_crf_10_ss_00_t_20.0.mp4,279,0.321,0.4738,1.3594,0.4348,0.1103
MusicVideo_1080P-3a50_crf_10_ss_00_t_20.0.mp4,419,0.3323,0.4822,2.1271,0.7928,0.0881
MusicVideo_1080P-3a50_crf_10_ss_00_t_20.0.mp4,559,0.3227,0.5106,2.5109,0.6438,0.0996
MusicVideo_1080P-453f_crf_10_ss_00_t_20.0.mp4,0,0.2136,0.2325,0.6379,0.3556,0.1307
MusicVideo_1080P-453f_crf_10_ss_00_t_20.0.mp4,139,0.3784,0.6219,3.8041,0.8696,0.1017
MusicVideo_1080P-453f_crf_10_ss_00_t_20.0.mp4,279,0.3071,0.6903,4.4377,0.9855,0.0917
MusicVideo_1080P-453f_crf_10_ss_00_t_20.0.mp4,419,0.3538,0.5191,1.8094,0.6537,0.1149
MusicVideo_1080P-453f_crf_10_ss_00_t_20.0.mp4,559,0.3471,0.6317,2.7318,0.9289,0.1299
MusicVideo_1080P-6c1d_crf_10_ss_00_t_20.0.mp4,0,0.3618,0.5202,1.9272,0.5156,0.0724
MusicVideo_1080P-6c1d_crf_10_ss_00_t_20.0.mp4,140,0.3885,0.5637,2.0019,0.6766,0.1121
MusicVideo_1080P-6c1d_crf_10_ss_00_t_20.0.mp4,280,0.5972,0.7679,2.7398,0.8357,0.0958
MusicVideo_1080P-6c1d_crf_10_ss_00_t_20.0.mp4,420,0.2961,0.5645,3.1273,0.8346,0.0784
MusicVideo_1080P-6c1d_crf_10_ss_00_t_20.0.mp4,560,0.2851,0.4336,1.5677,0.7429,0.1349
MusicVideo_1080P-7265_crf_10_ss_00_t_20.0.mp4,0,0.3153,0.3902,1.0675,0.3357,0.1036
MusicVideo_1080P-7265_crf_10_ss_00_t_20.0.mp4,140,0.3552,0.5364,2.4418,0.5905,0.113
MusicVideo_1080P-7265_crf_10_ss_00_t_20.0.mp4,280,0.3195,0.548,1.9621,0.8088,0.161
MusicVideo_1080P-7265_crf_10_ss_00_t_20.0.mp4,420,0.3061,0.6287,2.8454,0.971,0.111
MusicVideo_1080P-7265_crf_10_ss_00_t_20.0.mp4,560,0.2904,0.5274,2.0886,0.8209,0.1272
NewsClip_1080P-27fb_crf_10_ss_00_t_20.0.mp4,0,0.3027,0.7441,5.8057,1.0,0.073
NewsClip_1080P-27fb_crf_10_ss_00_t_20.0.mp4,140,0.3647,0.6916,5.156,0.9266,0.0787
NewsClip_1080P-27fb_crf_10_ss_00_t_20.0.mp4,280,0.2659,0.5422,4.7144,0.8743,0.0836
NewsClip_1080P-27fb_crf_10_ss_00_t_20.0.mp4,420,0.2887,0.6558,4.8332,0.9237,0.0865
NewsClip_1080P-27fb_crf_10_ss_00_t_20.0.mp4,560,0.2862,0.6449,5.2087,0.95,0.0749
NewsClip_1080P-4241_crf_10_ss_00_t_20.0.mp4,0,0.3293,0.5631,2.2714,0.7614,0.1258
NewsClip_1080P-4241_crf_10_ss_00_t_20.0.mp4,140,0.2143,0.4902,2.4874,0.8594,0.0972
NewsClip_1080P-4241_crf_10_ss_00_t_20.0.mp4,280,0.2593,0.6002,3.8026,0.8953,0.115
NewsClip_1080P-4241_crf_10_ss_00_t_20.0.mp4,420,0.3596,0.5895,2.2469,0.8039,0.1281
NewsClip_1080P-4241_crf_10_ss_00_t_20.0.mp4,560,0.3443,0.7426,5.9157,0.9596,0.0536
Sports_1080P-0640_crf_10_ss_00_t_20.0.mp4,0,0.2222,0.4738,2.8376,0.9153,0.0942
Sports_1080P-0640_crf_10_ss_00_t_20.0.mp4,140,0.1888,0.2388,0.9388,0.4098,0.1355
Sports_1080P-0640_crf_10_ss_00_t_20.0.mp4,280,0.2585,0.4184,1.9524,0.6404,0.1253
Sports_1080P-0640_crf_10_ss_00_t_20.0.mp4,420,0.2174,0.3677,1.5559,0.6571,0.1382
Sports_1080P-0640_crf_10_ss_00_t_20.0.mp4,560,0.1266,0.1931,0.8597,0.3115,0.1467
Sports_1080P-0d0c_crf_10_ss_00_t_20.0.mp4,0,0.412,0.7366,3.5968,0.9219,0.0785
Sports_1080P-0d0c_crf_10_ss_00_t_20.0.mp4,140,0.3164,0.5277,2.696,0.7273,0.0798
Sports_1080P-0d0c_crf_10_ss_00_t_20.0.mp4,280,0.3873,0.6917,3.3014,0.9365,0.0752
Sports_1080P-0d0c_crf_10_ss_00_t_20.0.mp4,420,0.3278,0.6406,3.2145,0.9403,0.0764
Sports_1080P-0d0c_crf_10_ss_00_t_20.0.mp4,560,0.3001,0.5671,3.0166,0.9194,0.0761
Sports_1080P-15d1_crf_10_ss_00_t_20.0.mp4,0,0.3529,0.6474,3.3569,0.7812,0.073
Sports_1080P-15d1_crf_10_ss_00_t_20.0.mp4,140,0.4291,0.7185,3.6072,0.8842,0.1011
Sports_1080P-15d1_crf_10_ss_00_t_20.0.mp4,280,0.3075,0.5452,2.736,0.8578,0.0945
Sports_1080P-15d1_crf_10_ss_00_t_20.0.mp4,420,0.454,0.5555,1.6536,0.5634,0.0975
Sports_1080P-15d1_crf_10_ss_00_t_20.0.mp4,560,0.3361,0.6237,3.3946,0.9565,0.0855
Sports_1080P-1bf7_crf_10_ss_00_t_20.0.mp4,0,0.2338,0.284,0.7779,0.1222,0.0986
Sports_1080P-1bf7_crf_10_ss_00_t_20.0.mp4,139,0.2142,0.1672,0.4349,0.2044,0.0835
Sports_1080P-1bf7_crf_10_ss_00_t_20.0.mp4,279,0.335,0.6872,4.0791,0.9479,0.0801
Sports_1080P-1bf7_crf_10_ss_00_t_20.0.mp4,419,0.3733,0.6763,3.1961,0.8578,0.0879
Sports_1080P-1bf7_crf_10_ss_00_t_20.0.mp4,559,0.3354,0.4799,1.9141,0.5417,0.1141
Sports_1080P-5d25_crf_10_ss_00_t_20.0.mp4,0,0.2811,0.5675,2.465,0.8263,0.1269
Sports_1080P-5d25_crf_10_ss_00_t_20.0.mp4,140,0.3349,0.4281,1.643,0.4889,0.0899
Sports_1080P-5d25_crf_10_ss_00_t_20.0.mp4,280,0.2604,0.2718,0.7301,0.267,0.0957
Sports_1080P-5d25_crf_10_ss_00_t_20.0.mp4,420,0.3082,0.3135,0.8853,0.3661,0.144
Sports_1080P-5d25_crf_10_ss_00_t_20.0.mp4,560,0.2274,0.3872,2.0478,0.5484,0.1324
Sports_1080P-6571_crf_10_ss_00_t_20.0.mp4,0,0.332,0.5677,2.4866,0.4804,0.0547
Sports_1080P-6571_crf_10_ss_00_t_20.0.mp4,140,0.2271,0.2812,1.1971,0.4464,0.1287
Sports_1080P-6571_crf_10_ss_00_t_20.0.mp4,280,0.3316,0.4752,1.9295,0.3937,0.0686
Sports_1080P-6571_crf_10_ss_00_t_20.0.mp4,420,0.1828,0.1985,0.7459,0.2941,0.1719
Sports_1080P-6571_crf_10_ss_00_t_20.0.mp4,560,0.2807,0.4679,1.9305,0.6923,0.1311
Sports_1080P-6710_crf_10_ss_00_t_20.0.mp4,0,0.3473,0.6899,4.0021,0.9481,0.0888
Sports_1080P-6710_crf_10_ss_00_t_20.0.mp4,140,0.3579,0.4513,1.6507,0.5119,0.0998
Sports_1080P-6710_crf_10_ss_00_t_20.0.mp4,280,0.4204,0.634,2.6616,0.8133,0.093
Sports_1080P-6710_crf_10_ss_00_t_20.0.mp4,420,0.2927,0.3775,1.5494,0.6082,0.1365
Sports_1080P-6710_crf_10_ss_00_t_20.0.mp4,560,0.2518,0.2894,1.2303,0.3049,0.104
Sports_1080P-7203_crf_10_ss_00_t_20.0.mp4,0,0.2089,0.5181,3.1359,0.9622,0.141
Sports_1080P-7203_crf_10_ss_00_t_20.0.mp4,140,0.1543,0.4777,3.7927,0.9825,0.177
Sports_1080P-7203_crf_10_ss_00_t_20.0.mp4,280,0.1538,0.4609,4.0208,0.9945,0.1458
Sports_1080P-7203_crf_10_ss_00_t_20.0.mp4,420,0.1735,0.5585,4.8501,1.0,0.1425
Sports_1080P-7203_crf_10_ss_00_t_20.0.mp4,560,0.1359,0.4802,4.5223,1.0,0.1635
Sports_1080P-7584_crf_10_ss_00_t_20.0.mp4,0,0.3437,0.5867,2.5191,0.6906,0.08
Sports_1080P-7584_crf_10_ss_00_t_20.0.mp4,139,0.2711,0.4264,1.6818,0.6471,0.0984
Sports_1080P-7584_crf_10_ss_00_t_20.0.mp4,279,0.1613,0.338,1.5134,0.5417,0.1165
Sports_1080P-7584_crf_10_ss_00_t_20.0.mp4,419,0.2368,0.5633,3.4518,0.9701,0.0814
Sports_1080P-7584_crf_10_ss_00_t_20.0.mp4,559,0.2057,0.4555,2.3652,0.7536,0.0976
Sports_2160P-1733_crf_10_ss_00_t_20.0.mp4,0,0.3205,0.6549,3.1977,0.9589,0.0754
Sports_2160P-1733_crf_10_ss_00_t_20.0.mp4,139,0.4345,0.5012,1.5639,0.4956,0.1122
Sports_2160P-1733_crf_10_ss_00_t_20.0.mp4,279,0.236,0.3602,1.4452,0.6882,0.1324
Sports_2160P-1733_crf_10_ss_00_t_20.0.mp4,419,0.4402,0.6954,2.6682,0.9605,0.114
Sports_2160P-1733_crf_10_ss_00_t_20.0.mp4,559,0.3979,0.5463,1.8002,0.6622,0.1311
Sports_2160P-1ddc_crf_10_ss_00_t_20.0.mp4,0,0.3527,0.6339,2.8577,0.9478,0.1172
Sports_2160P-1ddc_crf_10_ss_00_t_20.0.mp4,140,0.2817,0.4593,1.6734,0.4317,0.093
Sports_2160P-1ddc_crf_10_ss_00_t_20.0.mp4,280,0.2486,0.4574,2.0784,0.5238,0.0642
Sports_2160P-1ddc_crf_10_ss_00_t_20.0.mp4,420,0.3112,0.5167,1.9314,0.6719,0.0881
Sports_2160P-1ddc_crf_10_ss_00_t_20.0.mp4,560,0.2009,0.4539,2.5296,0.7879,0.0723
Sports_2160P-210c_crf_10_ss_00_t_20.0.mp4,0,0.3422,0.6617,3.5743,0.8673,0.0575
Sports_2160P-210c_crf_10_ss_00_t_20.0.mp4,140,0.3786,0.6461,3.5555,0.8044,0.0664
Sports_2160P-210c_crf_10_ss_00_t_20.0.mp4,280,0.2572,0.316,0.7427,0.1749,0.0558
Sports_2160P-210c_crf_10_ss_00_t_20.0.mp4,420,0.1391,0.1818,0.7266,0.2138,0.0967
Sports_2160P-210c_crf_10_ss_00_t_20.0.mp4,560,0.1286,0.1968,0.7931,0.0811,0.108
Sports_2160P-2e1d_crf_10_ss_00_t_20.0.mp4,0,0.2989,0.6008,2.8151,0.9623,0.1184
Sports_2160P-2e1d_crf_10_ss_00_t_20.0.mp4,140,0.3196,0.5578,2.6963,0.8407,0.1063
Sports_2160P-2e1d_crf_10_ss_00_t_20.0.mp4,280,0.0814,-0.0292,-0.2678,0.0606,0.1268
Sports_2160P-2e1d_crf_10_ss_00_t_20.0.mp4,420,0.2381,0.2687,0.9761,0.3984,0.109
Sports_2160P-2e1d_crf_10_ss_00_t_20.0.mp4,560,0.1923,0.1946,0.7546,0.2879,0.1441
Sports_2160P-391a_crf_10_ss_00_t_20.0.mp4,0,0.3874,0.6812,3.24,0.8787,0.0767
Sports_2160P-391a_crf_10_ss_00_t_20.0.mp4,140,0.4678,0.7134,3.4415,0.8143,0.0727
Sports_2160P-391a_crf_10_ss_00_t_20.0.mp4,280,0.1886,0.3331,1.4039,0.1553,0.0369
Sports_2160P-391a_crf_10_ss_00_t_20.0.mp4,420,0.4115,0.6458,2.6106,0.791,0.0864
Sports_2160P-391a_crf_10_ss_00_t_20.0.mp4,560,0.3287,0.5221,2.8778,0.6377,0.078
Sports_2160P-3d85_crf_10_ss_00_t_20.0.mp4,0,0.3359,0.6628,3.5884,0.9213,0.1012
Sports_2160P-3d85_crf_10_ss_00_t_20.0.mp4,140,0.224,0.3912,1.6773,0.5027,0.0975
Sports_2160P-3d85_crf_10_ss_00_t_20.0.mp4,280,0.2204,0.256,0.7249,0.1569,0.0563
Sports_2160P-3d85_crf_10_ss_00_t_20.0.mp4,420,0.3503,0.5048,1.8164,0.4127,0.0646
Sports_2160P-3d85_crf_10_ss_00_t_20.0.mp4,560,0.1873,0.2974,1.5077,0.4194,0.0822
Sports_2160P-4aae_crf_10_ss_00_t_20.0.mp4,0,0.2598,0.4999,2.55,0.875,0.0925
Sports_2160P-4aae_crf_10_ss_00_t_20.0.mp4,140,0.2007,0.398,3.2945,0.9096,0.0874
Sports_2160P-4aae_crf_10_ss_00_t_20.0.mp4,280,0.2133,0.3915,3.3041,0.8161,0.0907
Sports_2160P-4aae_crf_10_ss_00_t_20.0.mp4,420,0.2227,0.3525,2.4834,0.5952,0.0961
Sports_2160P-4aae_crf_10_ss_00_t_20.0.mp4,560,0.2166,0.406,3.0215,0.7705,0.0901
Sports_2160P-5ef3_crf_10_ss_00_t_20.0.mp4,0,0.3001,0.4349,1.6287,0.6331,0.1143
Sports_2160P-5ef3_crf_10_ss_00_t_20.0.mp4,140,0.2462,0.4268,1.8795,0.3438,0.0715
Sports_2160P-5ef3_crf_10_ss_00_t_20.0.mp4,280,0.145,0.4332,2.8645,1.0,0.1283
Sports_2160P-5ef3_crf_10_ss_00_t_20.0.mp4,420,0.0672,0.1215,0.9506,0.0613,0.1203
Sports_2160P-5ef3_crf_10_ss_00_t_20.0.mp4,560,0.0962,0.1572,0.5515,0.0781,0.1198
Sports_2160P-7af7_crf_10_ss_00_t_20.0.mp4,0,0.3508,0.6876,3.7207,0.9325,0.0892
Sports_2160P-7af7_crf_10_ss_00_t_20.0.mp4,140,0.2739,0.426,1.7694,0.4709,0.0801
Sports_2160P-7af7_crf_10_ss_00_t_20.0.mp4,280,0.2946,0.6169,3.6242,0.963,0.0774
Sports_2160P-7af7_crf_10_ss_00_t_20.0.mp4,420,0.3539,0.5897,2.5302,0.6445,0.074
Sports_2160P-7af7_crf_10_ss_00_t_20.0.mp4,560,0.2433,0.5111,3.2295,0.8617,0.0828
TelevisionClip_1080P-3758_crf_10_ss_00_t_20.0.mp4,0,0.3043,0.5703,3.1995,0.8516,0.1196
TelevisionClip_1080P-3758_crf_10_ss_00_t_20.0.mp4,140,0.2587,0.3003,0.9022,0.2917,0.1131
TelevisionClip_1080P-3758_crf_10_ss_00_t_20.0.mp4,280,0.2309,0.1889,0.6597,0.1836,0.0718
TelevisionClip_1080P-3758_crf_10_ss_00_t_20.0.mp4,420,0.2446,0.2954,1.2106,0.3855,0.0885
TelevisionClip_1080P-3758_crf_10_ss_00_t_20.0.mp4,560,0.2181,0.2854,1.4574,0.3788,0.0793
TelevisionClip_1080P-3d10_crf_10_ss_00_t_20.0.mp4,0,0.4105,0.6659,2.9347,0.8633,0.0965
TelevisionClip_1080P-3d10_crf_10_ss_00_t_20.0.mp4,140,0.2641,0.368,1.3976,0.2786,0.0554
TelevisionClip_1080P-3d10_crf_10_ss_00_t_20.0.mp4,280,0.3211,0.3528,1.0917,0.4635,0.1282
TelevisionClip_1080P-3d10_crf_10_ss_00_t_20.0.mp4,420,0.4277,0.6242,2.842,0.7052,0.0734
TelevisionClip_1080P-3d10_crf_10_ss_00_t_20.0.mp4,560,0.4098,0.6709,4.3398,0.7288,0.0552
TelevisionClip_1080P-68c6_crf_10_ss_00_t_20.0.mp4,0,0.3425,0.7786,5.163,0.9865,0.0956
TelevisionClip_1080P-68c6_crf_10_ss_00_t_20.0.mp4,139,0.2991,0.6128,3.9052,0.9812,0.0878
TelevisionClip_1080P-68c6_crf_10_ss_00_t_20.0.mp4,279,0.4049,0.6008,3.6476,0.6712,0.0578
TelevisionClip_1080P-68c6_crf_10_ss_00_t_20.0.mp4,419,0.287,0.4347,1.8277,0.729,0.0987
TelevisionClip_1080P-68c6_crf_10_ss_00_t_20.0.mp4,559,0.3162,0.6372,3.8097,0.907,0.083
VerticalVideo_1080P-2f00_crf_10_ss_00_t_20.0.mp4,0,0.3399,0.6004,2.7641,0.9427,0.1186
VerticalVideo_1080P-2f00_crf_10_ss_00_t_20.0.mp4,140,0.2015,0.537,4.0656,1.0,0.0942
VerticalVideo_1080P-2f00_crf_10_ss_00_t_20.0.mp4,280,0.3272,0.6353,3.3249,0.9859,0.1052
VerticalVideo_1080P-2f00_crf_10_ss_00_t_20.0.mp4,420,0.248,0.4135,1.5275,0.517,0.1166
VerticalVideo_1080P-2f00_crf_10_ss_00_t_20.0.mp4,560,0.2856,0.3103,0.9579,0.3514,0.1117
VerticalVideo_1080P-3709_crf_10_ss_00_t_20.0.mp4,0,0.1944,0.4656,2.7973,0.8729,0.0835
VerticalVideo_1080P-3709_crf_10_ss_00_t_20.0.mp4,140,0.1418,0.3903,2.6143,0.9875,0.1021
VerticalVideo_1080P-3709_crf_10_ss_00_t_20.0.mp4,280,0.3073,0.2796,0.8065,0.2346,0.0803
VerticalVideo_1080P-3709_crf_10_ss_00_t_20.0.mp4,420,0.2911,0.4843,2.3692,0.756,0.0867
VerticalVideo_1080P-3709_crf_10_ss_00_t_20.0.mp4,560,0.1698,0.1856,0.6046,0.1795,0.0965
VerticalVideo_1080P-4925_crf_10_ss_00_t_20.0.mp4,0,0.3107,0.3502,1.1185,0.5539,0.1647
VerticalVideo_1080P-4925_crf_10_ss_00_t_20.0.mp4,140,0.1747,0.047,0.0168,0.127,0.1311
VerticalVideo_1080P-4925_crf_10_ss_00_t_20.0.mp4,280,0.4276,0.6749,3.0219,0.8087,0.0992
VerticalVideo_1080P-4925_crf_10_ss_00_t_20.0.mp4,420,0.4587,0.7432,3.5848,0.9514,0.1074
VerticalVideo_1080P-4925_crf_10_ss_00_t_20.0.mp4,560,0.3232,0.4511,1.6701,0.4479,0.1014
VerticalVideo_1080P-4b92_crf_10_ss_00_t_20.0.mp4,0,0.2767,0.5548,3.3322,0.9516,0.1146
VerticalVideo_1080P-4b92_crf_10_ss_00_t_20.0.mp4,140,0.2864,0.5313,3.3964,0.758,0.1144
VerticalVideo_1080P-4b92_crf_10_ss_00_t_20.0.mp4,280,0.3157,0.529,2.6942,0.8108,0.0989
VerticalVideo_1080P-4b92_crf_10_ss_00_t_20.0.mp4,420,0.2745,0.458,2.2036,0.8487,0.1118
VerticalVideo_1080P-4b92_crf_10_ss_00_t_20.0.mp4,560,0.2658,0.5197,3.0898,0.8933,0.1064
VerticalVideo_1080P-766b_crf_10_ss_00_t_20.0.mp4,0,0.3568,0.5744,2.9191,0.7577,0.0795
VerticalVideo_1080P-766b_crf_10_ss_00_t_20.0.mp4,140,0.4382,0.6318,3.4218,0.7661,0.0757
VerticalVideo_1080P-766b_crf_10_ss_00_t_20.0.mp4,280,0.3901,0.6522,3.6996,0.8889,0.0768
VerticalVideo_1080P-766b_crf_10_ss_00_t_20.0.mp4,420,0.4447,0.7072,3.6965,0.8527,0.0775
VerticalVideo_1080P-766b_crf_10_ss_00_t_20.0.mp4,560,0.3603,0.5991,3.2123,0.8448,0.0989
VerticalVideo_2160P-6d62_crf_10_ss_00_t_20.0.mp4,0,0.4603,0.7112,2.7841,0.8601,0.1091
VerticalVideo_2160P-6d62_crf_10_ss_00_t_20.0.mp4,139,0.3103,0.5159,2.478,0.8619,0.1178
VerticalVideo_2160P-6d62_crf_10_ss_00_t_20.0.mp4,279,0.298,0.4126,1.6893,0.5755,0.1002
VerticalVideo_2160P-6d62_crf_10_ss_00_t_20.0.mp4,419,0.3277,0.6113,3.3227,0.9379,0.1032
VerticalVideo_2160P-6d62_crf_10_ss_00_t_20.0.mp4,559,0.3718,0.6009,2.9691,0.7705,0.0973
Vlog_1080P-010b_crf_10_ss_00_t_20.0.mp4,0,0.2562,0.3227,1.0151,0.3597,0.1252
Vlog_1080P-010b_crf_10_ss_00_t_20.0.mp4,140,0.2784,0.3634,1.1679,0.3399,0.091
Vlog_1080P-010b_crf_10_ss_00_t_20.0.mp4,280,0.4101,0.7021,3.9164,0.9234,0.0795
Vlog_1080P-010b_crf_10_ss_00_t_20.0.mp4,420,0.4023,0.6574,4.3065,0.8696,0.0793
Vlog_1080P-010b_crf_10_ss_00_t_20.0.mp4,560,0.1925,0.2761,1.2565,0.4412,0.1078
Vlog_1080P-2394_crf_10_ss_00_t_20.0.mp4,0,0.4036,0.7452,4.5788,0.9481,0.0731
Vlog_1080P-2394_crf_10_ss_00_t_20.0.mp4,140,0.3578,0.6343,4.3739,0.8214,0.0672
Vlog_1080P-2394_crf_10_ss_00_t_20.0.mp4,280,0.3901,0.6455,3.831,0.8192,0.0658
Vlog_1080P-2394_crf_10_ss_00_t_20.0.mp4,420,0.413,0.6865,4.3181,0.8255,0.0587
Vlog_1080P-2394_crf_10_ss_00_t_20.0.mp4,560,0.3178,0.5762,3.8111,0.7458,0.0709
Vlog_1080P-4f26_crf_10_ss_00_t_20.0.mp4,0,0.3568,0.6921,2.893,0.8473,0.0762
Vlog_1080P-4f26_crf_10_ss_00_t_20.0.mp4,140,0.2732,0.5926,3.9037,0.8525,0.0906
Vlog_1080P-4f26_crf_10_ss_00_t_20.0.mp4,280,0.3169,0.3342,0.9699,0.1381,0.059
Vlog_1080P-4f26_crf_10_ss_00_t_20.0.mp4,420,0.1767,0.5112,4.2233,1.0,0.1044
Vlog_1080P-4f26_crf_10_ss_00_t_20.0.mp4,560,0.1737,0.5474,4.3099,1.0,0.1084
Vlog_1080P-52fe_crf_10_ss_00_t_20.0.mp4,0,0.4047,0.7514,3.8901,0.9456,0.0864
Vlog_1080P-52fe_crf_10_ss_00_t_20.0.mp4,140,0.321,0.4749,2.5727,0.6684,0.0745
Vlog_1080P-52fe_crf_10_ss_00_t_20.0.mp4,280,0.3105,0.5395,2.8595,0.8611,0.1105
Vlog_1080P-52fe_crf_10_ss_00_t_20.0.mp4,420,0.3806,0.6549,3.5136,0.9087,0.098
Vlog_1080P-52fe_crf_10_ss_00_t_20.0.mp4,560,0.3556,0.6727,3.8072,0.8889,0.0822
Vlog_1080P-6686_crf_10_ss_00_t_20.0.mp4,0,0.2444,0.5708,3.6062,0.9664,0.0992
Vlog_1080P-6686_crf_10_ss_00_t_20.0.mp4,140,0.1056,-0.0083,-0.0289,0.0345,0.1081
Vlog_1080P-6686_crf_10_ss_00_t_20.0.mp4,280,0.1833,0.1016,0.327,0.1571,0.0824
Vlog_1080P-6686_crf_10_ss_00_t_20.0.mp4,420,0.0838,-0.0279,-0.2519,0.0339,0.1043
Vlog_1080P-6686_crf_10_ss_00_t_20.0.mp4,560,0.1339,0.0354,0.0716,0.0317,0.0747
Vlog_2160P-0577_crf_10_ss_00_t_20.0.mp4,0,0.449,0.7673,3.409,0.9324,0.0949
Vlog_2160P-0577_crf_10_ss_00_t_20.0.mp4,140,0.3443,0.7371,5.2552,0.9437,0.0589
Vlog_2160P-0577_crf_10_ss_00_t_20.0.mp4,280,0.3505,0.5316,2.1509,0.7778,0.1342
Vlog_2160P-0577_crf_10_ss_00_t_20.0.mp4,420,0.3771,0.5926,2.0924,0.7109,0.1391
Vlog_2160P-0577_crf_10_ss_00_t_20.0.mp4,560,0.3121,0.3825,1.2126,0.36,0.096
Vlog_2160P-059c_crf_10_ss_00_t_20.0.mp4,0,0.4567,0.7918,4.8203,0.9683,0.0758
Vlog_2160P-059c_crf_10_ss_00_t_20.0.mp4,140,0.3552,0.6715,5.7073,0.9153,0.0621
Vlog_2160P-059c_crf_10_ss_00_t_20.0.mp4,280,0.4193,0.7392,4.7926,0.9483,0.0766
Vlog_2160P-059c_crf_10_ss_00_t_20.0.mp4,420,0.1947,0.3386,1.5835,0.8287,0.0895
Vlog_2160P-059c_crf_10_ss_00_t_20.0.mp4,560,0.3528,0.6147,3.3162,0.8118,0.0782
Vlog_2160P-09c9_crf_10_ss_00_t_20.0.mp4,0,0.2853,0.5393,2.6103,0.694,0.0743
Vlog_2160P-09c9_crf_10_ss_00_t_20.0.mp4,140,0.3999,0.6137,2.7287,0.7959,0.0957
Vlog_2160P-09c9_crf_10_ss_00_t_20.0.mp4,280,0.2862,0.6839,6.1434,0.9672,0.053
Vlog_2160P-09c9_crf_10_ss_00_t_20.0.mp4,420,0.365,0.4627,1.6194,0.5703,0.1198
Vlog_2160P-09c9_crf_10_ss_00_t_20.0.mp4,560,0.3143,0.5172,2.2076,0.7937,0.1307
Vlog_2160P-13fe_crf_10_ss_00_t_20.0.mp4,0,0.3631,0.725,3.482,0.9875,0.1018
Vlog_2160P-13fe_crf_10_ss_00_t_20.0.mp4,139,0.3933,0.7356,3.7654,0.9375,0.0807
Vlog_2160P-13fe_crf_10_ss_00_t_20.0.mp4,279,0.4168,0.6557,1.8117,0.5625,0.1001
Vlog_2160P-13fe_crf_10_ss_00_t_20.0.mp4,419,0.3036,0.3665,1.4744,0.4854,0.1219
Vlog_2160P-13fe_crf_10_ss_00_t_20.0.mp4,559,0.1581,0.0689,0.1985,0.1266,0.1198
Vlog_2160P-2b2d_crf_10_ss_00_t_20.0.mp4,0,0.4106,0.6071,2.1513,0.7823,0.108
Vlog_2160P-2b2d_crf_10_ss_00_t_20.0.mp4,139,0.2136,0.1588,0.4796,0.2246,0.1167
Vlog_2160P-2b2d_crf_10_ss_00_t_20.0.mp4,279,0.3331,0.6226,2.6972,0.8063,0.0719
Vlog_2160P-2b2d_crf_10_ss_00_t_20.0.mp4,419,0.3013,0.4129,1.389,0.4362,0.1155
Vlog_2160P-2b2d_crf_10_ss_00_t_20.0.mp4,559,0.2097,0.4289,2.4844,0.8689,0.1019
Vlog_2160P-4362_crf_10_ss_00_t_20.0.mp4,0,0.3932,0.7115,3.9652,0.9369,0.0736
Vlog_2160P-4362_crf_10_ss_00_t_20.0.mp4,140,0.3065,0.5918,3.7669,0.8554,0.0718
Vlog_2160P-4362_crf_10_ss_00_t_20.0.mp4,280,0.4564,0.7599,4.4281,0.9649,0.0723
Vlog_2160P-4362_crf_10_ss_00_t_20.0.mp4,420,0.4244,0.6152,3.847,0.7808,0.0673
Vlog_2160P-4362_crf_10_ss_00_t_20.0.mp4,560,0.4495,0.676,3.7338,0.8393,0.067
Vlog_2160P-4655_crf_10_ss_00_t_20.0.mp4,0,0.4184,0.6045,2.2049,0.694,0.1093
Vlog_2160P-4655_crf_10_ss_00_t_20.0.mp4,139,0.3215,0.4744,1.4452,0.4208,0.0918
Vlog_2160P-4655_crf_10_ss_00_t_20.0.mp4,279,0.3117,0.3474,0.9287,0.3102,0.1128
Vlog_2160P-4655_crf_10_ss_00_t_20.0.mp4,419,0.4186,0.6792,2.6859,0.7633,0.0754
Vlog_2160P-4655_crf_10_ss_00_t_20.0.mp4,559,0.3847,0.5619,2.2599,0.6,0.0754
Vlog_2160P-7324_crf_10_ss_00_t_20.0.mp4,0,0.3193,0.448,1.4687,0.5041,0.1041
Vlog_2160P-7324_crf_10_ss_00_t_20.0.mp4,140,0.281,0.3488,1.1631,0.4121,0.1175
Vlog_2160P-7324_crf_10_ss_00_t_20.0.mp4,280,0.4305,0.6298,2.2498,0.6647,0.0754
Vlog_2160P-7324_crf_10_ss_00_t_20.0.mp4,420,0.3256,0.4318,1.6944,0.4581,0.0754
Vlog_2160P-7324_crf_10_ss_00_t_20.0.mp4,560,0.1359,0.3648,2.5519,1.0,0.1484
Vlog_2160P-77d8_crf_10_ss_00_t_20.0.mp4,0,0.3021,0.5766,2.2669,0.7724,0.1142
Vlog_2160P-77d8_crf_10_ss_00_t_20.0.mp4,140,0.377,0.6029,2.5545,0.8073,0.1176
Vlog_2160P-77d8_crf_10_ss_00_t_20.0.mp4,280,0.2607,0.4182,1.8495,0.7552,0.162
Vlog_2160P-77d8_crf_10_ss_00_t_20.0.mp4,420,0.3198,0.4244,1.5801,0.5758,0.0874
Vlog_2160P-77d8_crf_10_ss_00_t_20.0.mp4,560,0.3086,0.4959,1.9283,0.6875,0.1026
Vlog_2160P-7b5c_crf_10_ss_00_t_20.0.mp4,0,0.3945,0.5375,1.7424,0.6265,0.1347
Vlog_2160P-7b5c_crf_10_ss_00_t_20.0.mp4,139,0.401,0.5879,2.3057,0.6833,0.1081
Vlog_2160P-7b5c_crf_10_ss_00_t_20.0.mp4,279,0.3622,0.4604,1.5814,0.6142,0.1341
Vlog_2160P-7b5c_crf_10_ss_00_t_20.0.mp4,419,0.3083,0.4241,1.4903,0.5394,0.1135
Vlog_2160P-7b5c_crf_10_ss_00_t_20.0.mp4,559,0.4113,0.6951,3.4144,0.9316,0.0984
